Date,Revenue_lgb,Revenue_ridge,Revenue_doy_prior,COGS_lgb,COGS_ridge,COGS_doy_prior
2023-01-01,2222408.298968464,1274742.8167167758,2197036.74,2116185.258465989,1437128.0861621662,2203186.39
2023-01-02,1288509.5281298927,449483.66689334146,976141.52,1036382.3024017769,430560.73441958986,891256.365
2023-01-03,704947.2319116812,465888.9242522522,771345.495,588990.1558007568,443431.07264177717,633396.485
2023-01-04,865339.6449773741,473044.9414583947,1076793.4725,667394.1826388533,453982.58726585633,856369.345
2023-01-05,970791.781174435,575899.0408112383,1255524.5725,671845.6146951078,542563.5004653381,1002648.865
2023-01-06,1012505.4636117176,550765.8700187826,1184552.6275,779836.9631558903,530119.1887959156,959483.61
2023-01-07,1251704.8531839703,556261.8042977495,1208293.4575,925115.3105993709,539007.3811764745,989209.405
2023-01-08,1349834.8579500997,655396.5572921269,1371931.81,1126382.8072793423,623342.491101762,1115258.2349999999
2023-01-09,1578741.4238846602,729622.1011716957,1368717.0225,1347605.5765820218,705159.7684806141,1144717.5350000001
2023-01-10,1445205.4241805254,789956.9458327467,1515507.0274999999,1291411.9794296967,753372.3217457051,1246439.685
2023-01-11,1366535.9715018885,813316.00476277,1698129.2000000002,1150343.9128961284,770478.7178909981,1357000.3075
2023-01-12,1409082.7025958258,748568.9659519183,1572424.7175,1106784.433352837,724679.2783121675,1281840.2000000002
2023-01-13,1302422.497860279,755227.0065369625,1855537.995,1036219.5551619498,733381.8349081822,1480425.5725
2023-01-14,1356918.7892224947,762537.1590106526,1479692.365,1087551.7386778158,741359.6947467539,1179001.1425
2023-01-15,1393690.5161669662,776832.2249189401,1330770.7125,1152703.1664345532,746283.4995855036,1060426.76
2023-01-16,1722226.261901995,883832.6851896197,1501491.8575,1245836.6281771115,826623.2598492368,1210873.25
2023-01-17,1558866.0959955268,970152.2265257229,1739216.1025,1253846.958545268,898863.8656311614,1388780.665
2023-01-18,1606230.4968512212,976224.8425570428,1901093.68,1361563.4088923612,892249.732474742,1518515.4100000001
2023-01-19,1485456.247967797,983817.3202616108,1827764.7974999999,1251446.377210366,924180.6731946507,1490236.705
2023-01-20,1430755.044587524,911473.5172822746,1939680.685,1235163.306318107,863283.733563642,1533439.19
2023-01-21,1554511.5704262573,857679.2218972155,1729597.915,1316371.0856795711,807456.8172089738,1352728.0274999999
2023-01-22,1711937.8140209296,1105146.0195726128,1751655.97,1585632.5575272928,1027606.0460248465,1426031.695
2023-01-23,1840289.4058706432,1182995.8889582579,1590155.0525,1561838.8779740122,1087627.3191713947,1265061.0725
2023-01-24,1756792.9189980924,1339047.0314147545,2001620.6724999999,1484578.5830352204,1220722.3500328017,1620838.5425
2023-01-25,2062523.6488935114,1223044.6251832831,2163470.5300000003,1706749.555666792,1124859.6543738388,1737802.1975
2023-01-26,2017014.3677030297,1200433.2099099783,2667404.885,1538353.4613963899,1057325.5645291314,2136370.6625
2023-01-27,1992475.9571928699,1126969.6931418688,2829357.1075,1688689.7990834294,1009869.6298415276,2209372.7275
2023-01-28,2465625.881280002,1214068.4617541928,3175661.27,2157959.2228243067,1099531.0089931807,2512302.2925
2023-01-29,2773173.6986923506,1472659.0193322902,3404052.6374999997,2526904.419730728,1349534.9546315458,2730653.4074999997
2023-01-30,2780420.675532085,1659297.203735834,3130150.7125,2635284.1906026914,1508067.1224810511,2564363.9825
2023-01-31,2800699.487472853,1478410.920744321,2491488.4675000003,2527481.1891186987,1352824.623638028,2022421.3125
2023-02-01,2161546.8442185433,1218601.8500824256,2402669.5175,1808333.337935478,1168172.6376124504,1956706.1175
2023-02-02,1314781.5526601623,765638.7078410482,1778131.8824999998,1190238.310908643,749203.2223279151,1429071.0574999999
2023-02-03,1073098.950523242,637332.05711371,1386035.7850000001,751406.3991630493,630171.2608528828,1138760.445
2023-02-04,1168750.7073244918,650930.2759966006,1300263.98,802418.3235925037,636982.9817191076,1047128.4525
2023-02-05,1380089.4202429166,801579.7343914682,1577142.3375,1180126.953453318,757756.6660409182,1279572.12
2023-02-06,1387381.9973147123,867214.327034169,1511752.875,1122912.523928297,842387.2838073104,1206183.7349999999
2023-02-07,1556455.782185801,803947.4410763871,1714658.03,1387792.8295272738,782428.9541505441,1387145.1324999998
2023-02-08,1572737.0201261062,845137.5674315899,1930261.7625,1390981.6316789167,838518.1044026094,1582613.475
2023-02-09,1628035.419793437,844071.9753644171,1949030.38,1358559.8814661992,822518.9265665819,1557355.335
2023-02-10,1672442.4438346715,816163.5806866989,2204473.6,1406788.777348463,792497.081371074,1801321.7125
2023-02-11,1644126.220153378,820430.4549341381,1955325.845,1483017.7807464162,804027.7118506837,1580966.125
2023-02-12,1995841.1867257385,992209.6772501081,2014737.9825,1973319.1876699831,929860.2334373413,1660874.6625
2023-02-13,2204451.836832694,1213266.5612742016,2086033.1925,1983744.7516590138,1130233.5666675412,1705681.975
2023-02-14,2360918.1182011096,1403223.281855847,2604307.2649999997,1945549.4098926678,1347378.108849137,2158243.28
2023-02-15,2631084.628200514,1383028.7050604366,2722122.6775,2280339.673082037,1282677.0290941896,2163936.4775
2023-02-16,2304974.5919835996,1230217.1552039317,2701227.04,2152790.257297586,1208308.5726665303,2215202.8274999997
2023-02-17,2357802.9831470824,1106922.7568980365,2879965.35,1994472.9763360312,1053114.4766392251,2283301.705
2023-02-18,2133523.3861995493,1135302.78452587,2633494.6025,1803340.8405880446,1129085.249087143,2131532.5524999998
2023-02-19,2486971.710933013,1262192.9485640125,2338451.2800000003,2269467.529036617,1224698.490117544,1876568.1525
2023-02-20,2996142.3982750834,1521816.7553389077,2776648.4475,2477465.2334614545,1464964.8305931261,2250007.3625
2023-02-21,2970783.8582062637,1461665.7220911905,2751773.7600000002,2582252.4858388724,1393605.3741904912,2247616.7775
2023-02-22,2818767.610231766,1648282.2357714039,3184920.36,2575267.2551597822,1587532.6797865808,2615170.6275
2023-02-23,3709150.441278411,1763298.7774457417,3788444.7075,2998268.5013686507,1554613.1261337583,3085449.95
2023-02-24,2806247.4503807425,1537873.5113802315,3805664.1950000003,2457315.030474283,1470143.520706617,3095896.7575000003
2023-02-25,3505112.9616421857,1845420.4712513105,4803336.1525,2972385.2773167915,1649676.7170670761,3900129.5199999996
2023-02-26,3669792.3693229095,2229326.5571970628,4759635.2875,3216680.0195090505,2055255.9974820134,3838033.2625
2023-02-27,4008547.9182033027,2269649.0266160546,4151375.5125,3442719.886399174,2220686.1085749315,3442876.7225
2023-02-28,4068074.8437350634,1967309.869952191,3349859.505,3148827.793373967,1914501.8308137478,2691506.8375
2023-03-01,2635754.2532500783,1107985.4587617652,2286005.685,2388521.5942294826,1099612.4467669013,1905362.715
2023-03-02,1515200.002820816,700273.6295283155,1784355.905,1337193.013479624,696937.1854549146,1495749.4075
2023-03-03,969031.6671981278,514009.86092062184,991428.335,784512.803079605,518423.05269571533,818448.895
2023-03-04,1582978.73228033,588272.1809841496,1578309.58,1184664.7084863158,573089.9788751404,1260513.9
2023-03-05,1589613.080434038,696129.7537944821,1891131.65,1228723.3837072933,673618.7943521234,1547714.8125
2023-03-06,2400968.9837126676,983338.8231464201,2445952.3275,1865017.0828793084,939010.6019499107,1963752.43
2023-03-07,2727475.5902334033,1210663.7635199646,2374114.5775,2655527.9056764334,1139959.2811349686,1904004.6325
2023-03-08,3130520.342631198,1621671.6019653522,2770624.0675,2799871.888307972,1547735.5184295336,2242017.04
2023-03-09,3426272.552772862,1585659.002116172,3119094.31,2912534.9654209423,1471171.043493698,2494225.485
2023-03-10,2763150.7266235724,1299971.3628663335,2908708.6475,2480426.89527474,1213668.2024042846,2326593.4975
2023-03-11,3158959.8926536473,1457180.5584243443,3093028.4924999997,2791766.0387128205,1335650.514144111,2488491.7775
2023-03-12,3621817.429701408,1602766.519655572,3806222.29,3166388.030404414,1486196.8132856758,3149659.16
2023-03-13,4085204.287997759,1901564.4303768822,4045228.4675,3357703.6979838624,1807934.1229899863,3285072.88
2023-03-14,4026268.069903212,2053463.5935794183,3746978.67,3353380.621154279,1915442.7324552697,3022641.68
2023-03-15,4335682.579572357,2242129.0448090215,3636017.3674999997,3653256.686751781,2072482.506293443,2943178.1875
2023-03-16,4264795.2588182585,2079843.7178492309,3585880.3225,3667536.389014738,1905090.8084434425,2941932.64
2023-03-17,3954036.369880531,2006944.3732678345,4274140.2325,3538605.874630417,1854139.189874692,3509255.725
2023-03-18,3936082.9959473144,1958881.9962035338,4435735.415,3510829.758064786,1752946.8127953466,3609821.1224999996
2023-03-19,3756629.629402186,2001650.0279198035,4217628.9725,3400123.6766711143,1890901.0070378226,3515250.1775
2023-03-20,4015684.2037303224,2251243.5267279996,4347517.3625,3596795.362659327,2170945.7870115386,3719812.32
2023-03-21,3946047.034080961,2318304.9245555666,3995434.4425,3627273.124153073,2357123.6718850816,3550320.215
2023-03-22,4360545.208825043,2586933.702073574,3986869.2,4334018.303173026,2690647.8973023337,3677525.77
2023-03-23,4553098.834392872,2450936.6523511405,4191914.22,4183697.2447424773,2502005.5688260114,3818215.385
2023-03-24,3789585.152663352,2108443.559813181,4473913.1875,3814991.0486895726,2220713.922173993,4092051.9825
2023-03-25,3992515.1427281834,1915333.713598793,4298450.5625,3764254.3156961687,2013102.2609559298,3960180.9525
2023-03-26,3974237.0923849894,2170116.6613741554,4794446.1675,3768206.0858454797,2297379.1182578793,4328531.4425
2023-03-27,3965148.044257477,2572996.9962635646,5073357.91,3982598.3150002495,2799562.7008788055,4661279.6275
2023-03-28,4380244.313735619,2537087.0815956006,4748200.3925,3725759.512802218,2504876.5887365644,4309498.915
2023-03-29,5088806.897795683,2610354.170113977,4353714.8675,4454331.008675063,2785182.6501906556,3955955.4725
2023-03-30,8959802.933359364,6568335.840424252,9183802.5425,7966596.20762015,6214855.234869751,8389798.059999999
2023-03-31,7727246.746659299,4387973.664533591,8653962.165,6988872.031866044,4249754.0912497835,7955104.9399999995
2023-04-01,7850174.980928985,6264471.797437621,8266395.4775,6887297.231102956,5435782.543766926,7623874.275
2023-04-02,6858903.575321644,4638650.394611515,7927732.8225,6072555.474098343,4363835.863813142,7306321.55
2023-04-03,6771740.55586167,4360898.8095088,7126928.505,5756065.009153453,3859067.432521266,6529525.095
2023-04-04,2550957.505497221,1946299.6143519958,3132043.63,2201983.778180397,1921885.2498494922,2781692.1624999996
2023-04-05,2927421.6907395246,1913171.2387615961,2549819.8475,2571318.009877318,1907348.9195161017,2372209.1625
2023-04-06,2685656.242806486,1805294.6880180794,2522930.6875,2510594.0376175717,1796356.2500805983,2299873.5225
2023-04-07,2368792.841712474,1589083.9768019984,2466968.9074999997,2143884.230986425,1588426.4723561879,2265563.7625
2023-04-08,2840830.071943516,1651375.616097862,2904636.3875,2490093.7017002003,1704697.6532742514,2635313.42
2023-04-09,3396922.4252683,1902223.3763334414,3717013.7225,3175575.3075026115,1932045.019541026,3394145.91
2023-04-10,3846945.9990686886,2021428.6728258485,3391967.1799999997,3159359.845608143,2069343.051001546,3060378.82
2023-04-11,3895008.499456992,2174138.4050897057,3386502.2725,3426213.5599542325,2244257.0345391845,3137032.9074999997
2023-04-12,4126858.16519166,2421895.9966317136,3574741.8475,3924298.4005820653,2417376.112825964,3288616.64
2023-04-13,4229163.618896727,2328369.3119703783,3569288.5575,3600663.779528987,2358858.6569761564,3260360.1425
2023-04-14,4068778.5612802682,2538614.856019289,4459714.57,3997700.0797201684,2533105.551795408,4118622.3375000004
2023-04-15,4215062.21079717,2243635.1385314376,4114071.42,3965127.0708531723,2192241.3091721274,3613720.8675
2023-04-16,4233596.059524623,2545595.220891629,4629471.6375,3993647.2752880137,2418313.079617452,4004759.7175000003
2023-04-17,3943541.716378797,2785925.4692983623,4378333.2675,3821593.241356335,2567064.2061498356,3644405.2575000003
2023-04-18,4180088.3715283284,2842226.1695815036,4036595.2174999993,3401034.3822279936,2482186.9577622777,3222583.7675
2023-04-19,3966808.384481956,2789364.5092261,3765633.79,3591902.852308819,2531895.624356858,3034574.8725
2023-04-20,4165076.6058956254,2864427.858122215,4477313.3025,3481270.8467878113,2515193.907921552,3594193.9325
2023-04-21,3915324.5394600634,2448793.606999224,4040346.7975000003,3193372.5024194666,2209928.6032415708,3220775.2625
2023-04-22,4333638.6211034525,2559834.8056982835,4532270.5075,3827296.16255046,2273918.258149784,3662096.0125
2023-04-23,4128752.096820373,2805039.028866453,4736845.4475,3810336.8461484634,2571210.6573130745,3807716.265
2023-04-24,4488173.613761525,3225162.742856999,5045193.505,3960656.1874748613,2980284.0363400485,4087461.1225
2023-04-25,4319326.420110101,2943012.488947775,4354310.8575,3902925.270243118,2673466.1122294487,3465148.045
2023-04-26,4808328.917327478,3116528.068136875,4513668.234999999,4401768.99916529,2834248.4778133356,3627816.385
2023-04-27,4787477.614554299,3020942.286373596,5008974.6875,4441866.470478812,2569437.837458837,4034856.9975
2023-04-28,4843925.376157579,3007274.0093859606,5558001.26,4060458.081487536,2652455.8072338155,4419281.635
2023-04-29,7014102.209511356,5241181.859890841,7940859.2775,5632097.203595875,4066556.836998506,6373867.41
2023-04-30,6249234.460797666,4712693.00330545,7908948.895,5041300.008588093,3898635.9462705995,6395759.5825
2023-05-01,5541660.416412653,4774141.718515478,7065026.630000001,4407711.67418788,3768810.027602862,5738414.5775
2023-05-02,5181394.444001126,4487188.290908863,5908307.385,3814447.6511013582,3674666.850328894,4709084.5375
2023-05-03,4186626.4375403416,3495466.6495459303,4547163.2675,3861576.395671862,3006320.590083799,3699081.435
2023-05-04,2439396.0006487193,1444291.7613708472,2595779.195,2221938.083367841,1315473.2562572253,2081014.815
2023-05-05,2146643.743221245,1726297.9450457992,2551274.14,1896634.4546219322,1509686.1127336281,2021155.49
2023-05-06,2470205.7528532916,1674931.4919002124,2709731.165,2349048.187600487,1491414.6310139322,2175036.7425
2023-05-07,3007034.2068295935,2018998.314123549,3163920.74,2488205.053164275,1731718.824877134,2536383.9825
2023-05-08,2980035.9937288207,1972330.3892633677,2957966.39,2330027.176793196,1777754.6163600192,2394691.955
2023-05-09,3341096.2455597776,2290291.8377668727,3537923.795,2602423.013516397,2007174.746372229,2875369.51
2023-05-10,3503479.6300270427,2298510.874750113,3160097.7475,3037443.572553699,2022436.5471939296,2499532.335
2023-05-11,4268648.258829859,2523222.7380010462,3619630.83,3643940.6711744727,2232371.486251126,2907050.275
2023-05-12,3873742.46433964,2424752.9827345833,4002753.2399999998,3179446.8057099083,2075611.3350211752,3179818.08
2023-05-13,3880247.223865533,2469171.7180216787,4317971.405,3299179.708437182,2161316.687441709,3501747.04
2023-05-14,4128903.135001522,2812540.681934868,4417501.2425,3618365.3885843903,2425522.0228682356,3547755.455
2023-05-15,4058286.1091828244,2742472.797641898,4335401.0175,3531427.7092746445,2440023.5963593926,3483417.04
2023-05-16,4283970.719154383,2936328.945612394,4540835.8125,3426762.494244327,2609798.353589121,3653557.175
2023-05-17,4929760.389393296,3072833.7814637762,4385464.26,4033230.143400057,2723182.071992474,3562936.75
2023-05-18,4458647.618273507,2986616.5835593683,4346970.795,3990624.6264011697,2716720.651684009,3525988.6925
2023-05-19,3940415.6604987704,2639612.7449428923,4182849.7325,3156037.173615508,2250458.1127222506,3353212.36
2023-05-20,3829196.6067508375,2176608.3161335094,3786413.4975,2863957.2389314584,1912698.5051002016,3054201.51
2023-05-21,4430290.806683497,2813665.561844099,4383462.63,3626718.675126264,2441801.1749260086,3544398.05
2023-05-22,4187633.5541301267,3175413.666416691,4920816.815,3493089.301217492,2814050.9122413625,3993720.485
2023-05-23,4121858.3978756084,2982005.5134288087,4415227.0575,3540627.899411319,2645253.4345210544,3511931.0
2023-05-24,4747530.427374669,3092735.767051873,4175791.74,4174154.766509418,2798460.149561566,3375706.185
2023-05-25,4954317.746745966,3081260.1692138757,4450231.529999999,4181626.151581882,2837798.3406603565,3612701.91
2023-05-26,4241108.604331195,2776081.030345376,4717298.2675,3856799.1783722467,2529927.35953557,3788304.6675
2023-05-27,3921164.3843919295,2430747.5133283054,4651047.3325,3407015.0276510706,2249208.653097351,3827682.9349999996
2023-05-28,3956620.635554082,2750202.278962334,4800056.445,3370878.245902799,2413576.5531209847,3887609.33
2023-05-29,4989111.212341961,3568889.708099282,5944462.5275,4027743.612125725,3247090.363880526,4721996.275
2023-05-30,7191907.984634634,7273341.07294196,8916263.4825,5957770.233575939,5621018.107498018,7200802.6975
2023-05-31,8020666.480324651,7304035.121681239,8462049.7325,6618342.804362831,5392761.42781549,6786744.5675
2023-06-01,7806038.372217392,6473655.832255431,7841210.425000001,6631304.46315826,4995484.586661917,6418697.3925
2023-06-02,6761647.291195847,3941437.539667734,7544018.0675,5066233.258693888,3211811.7851045923,6119771.625
2023-06-03,4498046.850052445,2828825.514266848,5612324.005,3466414.049500985,2308614.9711089428,4511122.89
2023-06-04,2905702.4580635293,1721052.444507195,3169395.1525,2264145.7153594834,1584712.2043817737,2583743.0625
2023-06-05,2924758.728420635,1848842.0221305634,2977230.7075,2304818.459378266,1660558.6360326838,2327752.785
2023-06-06,2999213.695194627,2225061.8866812466,3190660.88,2420080.272150789,1995263.322049661,2588752.6275
2023-06-07,3105450.2088370803,2309946.149258405,3124858.8975,2729448.5770913633,2111929.308144834,2585204.48
2023-06-08,3222171.977294518,2141682.250309115,3395677.3674999997,2636504.7943813195,1900602.7619711172,2726412.975
2023-06-09,2907386.8422676576,1820580.0422319495,3423070.5149999997,2431640.5624340186,1667457.688937145,2773918.655
2023-06-10,3708751.846572314,2067133.6794246202,3869548.51,2862444.6007874045,1862248.8348835972,3102607.07
2023-06-11,3988790.3445408805,2158656.095668067,3914816.61,3023222.8758161403,1961060.333772966,3106788.5975
2023-06-12,3955554.597766665,2547797.718699425,4246837.34,3261405.965310136,2291936.397095757,3427361.665
2023-06-13,4194705.36544386,2482149.6260235254,3386249.865,3414741.277022058,2307614.4698658977,2759295.8225
2023-06-14,4259518.005098222,2825980.654102444,3753245.215,3712126.037672587,2557802.8089204323,3031673.9924999997
2023-06-15,4227607.692048863,2772643.640278248,4332795.0125,3483478.4106136165,2457822.632204036,3532188.09
2023-06-16,3868097.517841369,2327133.398315996,4189598.24,3406898.9293444813,2121372.5647252873,3404715.7175
2023-06-17,3932473.8964111526,2570476.0055035115,4626818.3275,3340284.54796026,2271074.408376261,3755914.8025
2023-06-18,4188468.4444414596,2601423.754956056,4759010.172499999,3232795.045951171,2332767.0731186853,3785977.9850000003
2023-06-19,3682565.8398290104,2577465.2905466123,4305072.8125,3164468.1102714427,2384711.44389266,3498252.505
2023-06-20,3874994.9624849586,2367841.1903774133,3396828.615,3061178.011154759,2265093.048949882,2724925.0725
2023-06-21,3947773.828332242,2544590.7258897326,3431904.5275,3683859.9341085274,2422452.013955007,2800559.085
2023-06-22,3980820.4423238016,2623582.0395254996,4256271.4475,3468632.05096117,2387024.175668658,3407062.315
2023-06-23,3745527.452456131,2093538.7785764176,3760997.0675,3256920.256882235,1997327.4572636813,3124703.8324999996
2023-06-24,3547778.798303341,2300452.3413246856,4155747.9875,3264114.4725921066,2243429.3855734766,3620306.0575
2023-06-25,3453392.0071505397,2330973.936989517,4394799.6975,3133249.0766485827,2343465.0929951705,3921857.21
2023-06-26,3417647.4236647,2545513.1186843435,4164843.5125,3166829.0934711844,2604526.4408217114,3856793.9275
2023-06-27,3881970.284838373,2636641.7866668333,3647338.89,3576857.548385822,2713519.230741453,3527554.105
2023-06-28,4506501.049037699,3339012.787471756,4419254.395,4973206.339454109,3620052.559346699,4347836.2325
2023-06-29,5911887.205958514,3843555.510417194,6057633.6025,5880390.460898218,4371772.603115285,6086702.555
2023-06-30,4271459.6991545055,2483230.48324904,5191786.5175,4705100.260448263,2812765.06751623,5036775.445
2023-07-01,4098009.5682495064,2791009.803504699,5139477.965,4296311.749990219,3031999.032245475,5141382.88
2023-07-02,3980859.6143449955,1893506.1373127287,4662226.53,3746912.5445528086,2198852.681370012,4607909.5725
2023-07-03,3304857.1588485716,1704939.7478298813,4093280.2075,3260311.710380288,1936982.3703514384,4008126.0900000003
2023-07-04,1315871.543510221,1051716.647293942,1781376.925,1408304.0852871316,1218593.9095605465,1761239.5474999999
2023-07-05,1089115.8196229502,1012177.6558225797,1376590.655,1061394.3171096358,1161598.2762834246,1362281.6375000002
2023-07-06,1690716.509927463,1124003.0032343052,1674767.9175,1771135.5050814073,1300466.2380871556,1650285.5125
2023-07-07,1758821.776203513,1083313.43943053,2026360.12,1943708.3834283494,1265170.6380203993,2003049.3275000001
2023-07-08,1902694.234134349,1100070.3632126516,2285010.045,1979825.4966608398,1268609.1317830451,2288312.575
2023-07-09,2112080.8008650104,1168420.5924968251,2272860.2800000003,2068118.8639143645,1302537.2646959936,2245431.79
2023-07-10,2553749.6960721146,1393910.9943189528,2656657.3275,2436422.4338167286,1575401.9316828072,2625648.85
2023-07-11,2481816.1528932485,1567407.4026227067,2936921.585,2657926.6343568093,1792239.7354554324,2886856.5100000002
2023-07-12,2739838.9887376367,1696810.7407995122,2890644.7025,2861723.836808041,1933088.6887144153,2854671.5300000003
2023-07-13,2920537.207035377,1649605.3569748048,2608795.875,2884751.456259007,1850043.0750911739,2525007.8475
2023-07-14,2660049.900791012,1588772.9597429521,2929431.1075,2755565.391849118,1808417.1000227134,2813378.585
2023-07-15,2562097.2184967143,1509164.9903252292,3029993.96,2840704.0761862216,1720749.480711572,3037568.5549999997
2023-07-16,2593057.0900829798,1552911.2205890622,2911261.41,2753789.609502908,1734203.9449321628,2890386.015
2023-07-17,2877771.942643734,1804919.5893516769,3287027.7925,3036579.616513021,2060674.4939918984,3238283.125
2023-07-18,3002052.5683189104,1808139.1369911798,3177943.2975000003,3034361.8499562372,2034599.4038646736,3188540.835
2023-07-19,2770519.9786116434,1767022.0815482133,2628844.9575,2688548.5721093714,1951060.1819781621,2518185.73
2023-07-20,3178946.077308694,1947671.9031385295,3227087.8025,3023301.404676614,2064186.8464036542,2956707.8875
2023-07-21,2728974.6032412127,1793999.5584038533,3036113.035,2572711.569602879,1843223.1267528308,2664404.125
2023-07-22,2977141.027241209,1779713.0246739225,3414659.815,2436823.657728157,1783582.3954056804,2862130.2475
2023-07-23,3327243.031755974,2067374.5128844248,3773886.7525,3017072.485340935,1999501.6113201256,3107909.335
2023-07-24,3302863.4382364424,2099786.953437509,3673921.9075,2707757.222926466,2086076.806318425,2959575.91
2023-07-25,3280200.1110246917,1968405.4719156085,3310681.77,2688461.438317975,1968801.0716159237,2695150.4125
2023-07-26,2964041.5059672864,2109822.1576199518,3138547.8275,2836404.3311101394,2087436.9834574864,2509542.5175
2023-07-27,3296537.076734257,2105417.268107137,3232059.2975,3144865.6603853763,2097437.479973608,2622827.815
2023-07-28,3457294.135711546,2073829.2982457366,3717111.6775,2734381.686329756,1954032.7629944577,2978183.3025
2023-07-29,3467643.0706535797,1870408.4672810545,3568831.925,2892006.925281494,1720741.1895842734,2899547.3125
2023-07-30,3638951.379681302,2183469.360475579,3929977.915,2794304.505845733,2093566.3687805731,3494047.105
2023-07-31,4130724.4002753105,2742524.77324612,4889141.2425,3380999.4628156,2767552.5421083863,4655353.140000001
2023-08-01,3675822.9619031046,2521393.6284919307,4450043.755,3615919.524010704,2602370.394749664,4282130.4925
2023-08-02,3871264.183802113,2110813.804047605,4740327.005,3928290.9380290452,2301193.081130879,4517429.1674999995
2023-08-03,2871848.478631757,1653029.9800643937,3831064.1875,3550790.0903560906,1947981.670957756,3786867.88
2023-08-04,1804008.6385971203,1268633.475698182,3098827.5600000005,2301179.483394282,1504295.460456325,3089036.2875
2023-08-05,1459674.2928362358,967746.1074475318,1984649.6975000002,1774661.751936148,1104181.4400878088,1964316.7925
2023-08-06,1472242.497441728,1150058.1809005493,1999595.0775,1855718.793344818,1377217.691014933,2191743.1825
2023-08-07,1741927.147601701,1329707.024127908,2391997.9725,2159577.7840205636,1588587.966005041,2542183.0675
2023-08-08,1984457.0951667305,1304045.770981333,2454904.965,2523341.075636221,1561383.2423244724,2459260.4475
2023-08-09,1648580.000041379,1214479.094809495,1921893.0174999998,2006173.5395291667,1502575.0501486196,2031603.7175
2023-08-10,1883729.1708910111,1207504.5059048801,2261248.0675,2483888.970263168,1509172.7613601654,2299061.6875
2023-08-11,1787985.8101197449,1151786.9734926429,2668942.885,2332895.390637489,1485546.5323063855,2831439.1625
2023-08-12,1788231.92474659,1060114.2577250542,2367441.33,2065504.3074286086,1345345.2811567313,2547994.935
2023-08-13,1950635.1816562433,1161313.1228332368,2431131.17,2032571.6189877982,1521164.7616036981,2659280.12
2023-08-14,2100605.4471428855,1351870.3577264657,2647697.8275,2461579.194835529,1708214.7139558524,2733577.1
2023-08-15,2160323.152804227,1449795.440286528,2973732.1625,2769704.3722233367,1869066.9674094266,3086682.91
2023-08-16,2114759.2533841627,1391090.6820650925,2436528.0925000003,2667205.5187143795,1844664.1069017297,2626849.1625
2023-08-17,2273521.136948795,1348484.983356916,2586129.3125,2834169.0461551645,1807867.800978558,2770063.9450000003
2023-08-18,2121105.0680751037,1209306.930650425,2910282.925,2563689.77750741,1560378.93477343,2958342.04
2023-08-19,1719434.9978680718,1109951.0460507462,2530290.4325,1797227.289346722,1456755.845322215,2767901.995
2023-08-20,2108737.5009798487,1322782.2154856792,2647557.66,2201563.7584761037,1706968.8385113545,2888906.5225
2023-08-21,2128172.992549494,1407715.8162442846,2540215.0075,2513285.6220015422,1805481.43083162,2722088.785
2023-08-22,2354045.5880779447,1618288.9155641268,3150760.6574999997,2614048.907405723,2001475.0805260928,3207139.905
2023-08-23,2059321.085384589,1453294.2235772877,2173680.2225,2287500.5881615635,1793650.8716069146,2264938.165
2023-08-24,2079250.9622338123,1467803.0261607426,2425932.465,2651926.551767529,1846865.6472961763,2537205.3675
2023-08-25,2019033.951682213,1353575.4989659546,2753441.6825,2582070.258884211,1697301.3530470184,2855822.385
2023-08-26,1657142.837589227,1235059.8337907367,2356273.4525,2209843.053448568,1624589.8772002386,2487470.52
2023-08-27,2275194.166221352,1384765.7238647346,2419387.29,2465513.169926426,1718091.1257728157,2570235.7875
2023-08-28,3737452.754219602,2286793.0007098797,4590929.59,4229593.423517057,2996649.3602598794,4803363.53
2023-08-29,4613521.420094354,3090608.15974358,6043106.625,5292417.212464382,3841636.940250287,6207104.715
2023-08-30,5004093.146831843,3017794.5073687253,5811153.75,5770036.822746434,3782388.467366804,5959083.26
2023-08-31,4792050.167110776,3027169.8498140434,6276639.0925,5398725.765850464,3520503.58839554,6181689.4375
2023-09-01,3536486.552342224,2437458.0920722997,5465188.6625,4352518.466752684,3195174.3188057775,5402244.88
2023-09-02,2311595.579349356,1073814.6195513508,3348012.0124999997,1983182.107102617,1226817.8204917489,3266433.7225
2023-09-03,1467665.1250477163,817015.0680852343,1385950.415,1418819.29368253,909199.202262104,1244564.4875
2023-09-04,1597934.7434430332,908653.2427390944,1520618.3575,1579439.3176402615,982904.4658660858,1402332.1175
2023-09-05,1843859.0500916073,964557.5871915594,1792963.725,1946682.6007448833,1021056.1026069757,1676000.72
2023-09-06,1862334.7648473573,1156506.3705979513,1793818.5299999998,1738834.7053879905,1246134.6116078275,1630246.025
2023-09-07,2115723.722172847,1217640.048030478,2211313.015,1945840.7304127312,1336839.548795678,1975879.0474999999
2023-09-08,2493426.1546339155,1258214.4785720005,3033169.8049999997,2406730.5952767446,1325054.719584223,2760411.975
2023-09-09,2152262.4578172825,1085693.6925782538,2555496.16,2075690.1405497808,1172029.0031430179,2266376.0425
2023-09-10,2423464.9150168854,1116693.3252233034,2322742.085,2244346.994312034,1204092.4327934037,2088257.78
2023-09-11,2585130.6055516335,1333086.0864671785,2711779.215,2614363.428674299,1440165.12650063,2449554.985
2023-09-12,2506518.8963751476,1346871.7158879132,2437071.7824999997,2391269.181333779,1399495.7028950516,2222211.96
2023-09-13,2508607.0295455586,1394534.1048632015,2604729.5975,2388512.794401311,1459175.9870842004,2420462.27
2023-09-14,2373369.492850066,1341464.7058502687,2387917.77,2241207.0484185643,1417752.3916762928,2146517.5075000003
2023-09-15,2480580.8957371865,1316760.908295626,2991810.4924999997,2540322.153334157,1366453.810461163,2699955.2824999997
2023-09-16,2090562.7327412057,1176560.5423080805,2675827.2625,2133655.976849321,1245352.149146327,2398218.1975
2023-09-17,2080007.822917473,1191581.634914796,2011420.88,2085652.5374110695,1263547.860778946,1837026.3
2023-09-18,2270202.3433936886,1295944.078589099,2078085.1724999999,2191655.2617183393,1358061.4361190775,1845956.36
2023-09-19,2357582.875941981,1459775.1134894765,2534001.9575,2162246.1398721994,1481334.4025734437,2257603.9125
2023-09-20,1790114.148278667,1279833.6985607366,1944165.8775,1685696.5483558732,1337194.3460822816,1756252.2375
2023-09-21,2183551.72049586,1512905.4336306523,2882818.7025,2160529.5795994303,1578291.064945433,2610488.2375
2023-09-22,2183806.1095487224,1296151.5963551423,2967995.295,2304818.1535469666,1385951.4287019179,2662339.2625
2023-09-23,2144734.8580488386,1210868.0264822647,2695503.1375,2043727.055836827,1289922.5465339243,2417124.8975
2023-09-24,2232941.1290898877,1333832.7693882792,2526704.4675000003,2259187.3362006852,1450071.5186619963,2273852.3325
2023-09-25,2697640.0695047476,1440288.265621477,2560821.5175,2701566.4928028337,1544249.1154420604,2307084.605
2023-09-26,2660793.6491916273,1630480.3172023261,3075750.34,2687180.1977421055,1728850.6882945404,2815571.12
2023-09-27,3071508.860341336,1718792.2204067127,3372038.275,2641190.54885304,1829697.3634558283,3064347.4775
2023-09-28,3799097.7051865486,2019703.7098174037,4182226.42,3715120.4576634304,2055055.5120064986,3774298.2175
2023-09-29,3562125.1379402583,2039721.443789832,4127731.4925,3918874.044191024,2165756.9800822292,3686011.35
2023-09-30,3064829.1985786175,1514546.7767971803,3559379.665,2449621.5682635354,1469646.3185716562,3104900.91
2023-10-01,2424591.5090404665,1193111.6486338829,2645557.2325,2245115.9429068337,1127090.9232290117,2311512.655
2023-10-02,1764991.806511393,878724.0537310903,1828499.87,1576508.3168423146,832172.6056172869,1549877.1475
2023-10-03,1920987.25702801,829808.1944336941,1317785.7075,1286083.051422625,818798.124199367,1073781.105
2023-10-04,1477668.917292597,875934.7408195707,1870282.685,1291913.4933065686,843336.1108635878,1511471.21
2023-10-05,1576202.4392329727,799687.8787908771,1546281.1075,1284150.002151101,774335.9510239545,1245027.99
2023-10-06,1615948.589124198,854621.9912490909,1920772.865,1381038.6565533273,816970.6144112298,1517479.31
2023-10-07,1801668.1288054269,832045.3355889965,1864339.1575,1425391.6171427122,790077.4129098648,1476868.3925
2023-10-08,1681534.852516102,888003.850478171,1826583.4375,1382750.0639755975,846190.770584824,1492091.6675
2023-10-09,1958063.7107635792,975128.5377273154,1699149.505,1632802.0155329546,927219.4817028706,1378668.95
2023-10-10,2342391.4431238426,1075016.314798739,1845025.8275000001,2030383.798869809,1028640.1054423923,1529285.565
2023-10-11,2187905.443191219,1115542.8333875774,2158615.02,1701666.812581903,1043730.53875556,1747290.8925
2023-10-12,1757487.957816985,952447.548844279,1636975.0875,1465125.3789404177,927456.7833834634,1343191.8275
2023-10-13,2032467.431758661,1013244.5903800701,2052062.855,1635225.062378118,965358.8894464859,1654316.615
2023-10-14,2090109.8260404302,1042829.5902158911,2230884.7525,1612432.7299216385,982199.4283898238,1804653.4975
2023-10-15,2031278.3144302669,1041932.4121240096,2133142.1925,1771649.8726761478,968176.3587544739,1705139.4949999999
2023-10-16,2024925.130669406,1104429.567068153,1823710.825,1826115.1957189473,1055652.7337058722,1511912.6175
2023-10-17,2237838.2921769544,1243588.4665503134,2147055.2024999997,1937431.6772721724,1181855.6709458053,1776372.005
2023-10-18,2140912.98625179,1120507.2250107608,2219525.2175000003,1954490.4688169104,1062633.6378934844,1815551.03
2023-10-19,2067422.4672430272,1053319.4545789086,2336495.9625,1736096.3241562587,1030915.153724375,1911176.1675
2023-10-20,2408121.808422365,1181500.4377770687,2495823.315,1889012.20833608,1099096.8316065918,2048427.2874999999
2023-10-21,2093326.4919843536,947857.566030923,2362642.5875,1862076.9158505204,909619.4819135722,1893902.1600000001
2023-10-22,2270814.55628018,1089604.167379779,2325960.6375,1901752.1631310456,1005808.6526704888,1899030.905
2023-10-23,2157963.016372635,1187039.1403485304,1992237.675,1885364.8377515543,1124073.1163009908,1612021.1025
2023-10-24,2247941.7284499174,1219055.3298194157,2054067.9625,2008178.1020093667,1191734.8730822217,1694111.6099999999
2023-10-25,2195669.9944398296,1290949.226039388,2661930.0025000004,1925826.083772488,1231612.3027807134,2094475.935
2023-10-26,2007278.1837142762,1199615.212270656,2280086.1174999997,1685106.1053941539,1168976.2371812721,1841352.95
2023-10-27,1932981.7358803414,1170562.964053357,2445768.05,1946042.358252412,1151417.7229456233,1996855.8625
2023-10-28,3016359.5620490597,1508627.364153948,3622928.705,2521333.0480366615,1446831.5716845056,2976050.635
2023-10-29,3177644.2418601196,1827324.6956311327,3921401.39,2647647.0324744936,1653285.0283877354,3184614.37
2023-10-30,3398918.465371311,1931812.69853787,3484451.1025,2545174.790214284,1818941.8381322194,2891259.35
2023-10-31,3255897.309338607,2110297.80654905,3541609.5324999997,2693412.9603945133,1894337.240848173,2904008.045
2023-11-01,2550972.6327840732,1380975.9117266077,2877212.9524999997,2277117.5350814033,1229779.9661549833,2295473.66
2023-11-02,1809529.2043138489,874578.8528154439,1915770.7275,1582256.3862749701,804779.7403106091,1583807.6
2023-11-03,1093205.846025208,682139.930078152,1388922.4975,824569.7081709086,655671.5791134653,1091296.155
2023-11-04,1311767.23932689,625271.6948902463,1205377.235,1010695.1527328859,610023.2033530084,997856.565
2023-11-05,1607719.3239336687,760511.5152248536,1543017.0,1354694.0873831683,743704.5989233126,1284899.35
2023-11-06,1995405.079198805,908067.6413098508,1733791.9375,1660462.2890000865,847904.4813679141,1376505.0175
2023-11-07,1449226.3114248994,881376.0413134089,1315587.0175,1100278.8566768726,843639.2777903151,1045135.61
2023-11-08,1842546.6179475558,915587.9015614277,1554203.3425,1493402.6617576028,863294.8320938951,1270835.23
2023-11-09,1652134.62673352,922642.2850795026,1770485.6525,1306246.819206027,881072.1598050911,1457068.3775
2023-11-10,1972932.391204603,885319.0993048917,2176858.3125,1575866.882207694,860282.8911271518,1766399.9775
2023-11-11,1666942.8779773845,798054.812979974,1627624.52,1452630.4348777607,786584.3009992467,1318431.365
2023-11-12,1696875.174461689,927809.3542914069,1771850.415,1376565.8522325752,903573.4605287277,1446131.9224999999
2023-11-13,1751834.1970513263,1070900.4800199536,2091046.9575,1645350.8311170791,1015477.86741498,1740145.3125
2023-11-14,1636252.4139530337,1030919.834173305,1757565.4175,1440331.4850862685,968498.9726458491,1434212.565
2023-11-15,1611520.8188810174,928826.2306600446,1599984.31,1295024.809188566,886138.9981066083,1264326.065
2023-11-16,1702325.254015499,917629.2090177324,1827023.5025,1273823.8568169079,872987.7048558436,1466746.675
2023-11-17,1578095.7110320718,929698.1383544937,1835682.67,1329701.3430638495,933065.525061001,1517380.65
2023-11-18,1676236.8032393532,843350.3776996636,1881695.6225,1397186.1430004705,856267.0906765669,1603042.5225
2023-11-19,1501983.26745727,804573.6585911126,1440495.4375,1362187.5673427174,834045.4691486382,1252673.72
2023-11-20,1433830.7855988008,813028.1699723697,1382450.4975,1442264.1075247768,857477.7755367582,1218758.3475
2023-11-21,1526209.3520610477,849814.9217981077,1523003.08,1501113.5474111596,973107.0937160742,1461035.175
2023-11-22,1423261.549800017,738703.0601302384,1351515.7225000001,1301278.5396532658,849268.0455054095,1348081.59
2023-11-23,1268190.5148297665,676838.966795512,1338123.35,1199264.723626515,796713.5738401809,1380989.52
2023-11-24,1369871.9875857406,883271.3441307008,1540752.9075,1440562.3175254224,1063556.893932557,1604554.825
2023-11-25,1517532.714908612,940449.6267382565,1466102.1625,1461949.9602658693,1136728.6114312932,1482662.7575
2023-11-26,1538377.8059704313,961025.9703846406,1420497.3875,1748294.1693953136,1159283.5787563822,1442363.7725
2023-11-27,1708301.176785843,1110443.1402372064,1805698.7825,1981098.3828959581,1370791.7823406179,1900099.635
2023-11-28,1921861.8267503055,1200418.2115864262,2203115.285,2192821.777972425,1414866.535831217,2234889.2225
2023-11-29,1997662.0926514962,1091229.4642349374,2054998.805,2152976.326445236,1326245.1497978447,2117759.2725
2023-11-30,1651606.1389789712,1008283.0009160524,1927311.775,1763346.462842566,1122792.5249117578,1906451.93
2023-12-01,1482271.8486258066,781208.7788305762,1624096.3125,1563373.775847947,909337.2706345806,1642193.785
2023-12-02,1090922.8895832691,510259.7755445241,1182734.0,1110256.6876982655,579264.0644348196,1180234.5150000001
2023-12-03,921708.6461309479,478595.326344952,690134.515,880110.6776134188,549602.6006507726,698672.3325
2023-12-04,796699.3807389956,524991.0832741357,705138.9775,790987.5927979009,607505.918250611,687983.8725
2023-12-05,1035467.638124443,639864.5358220361,984780.6075,975320.5054621566,753644.786239983,988188.3025
2023-12-06,1010348.558973006,672871.7928151956,1071585.1275,964624.0156196123,789183.5141169465,1064921.6375
2023-12-07,880729.6870775408,584681.3776417511,807311.0725,839362.7326868235,690120.0110090309,794761.5
2023-12-08,885152.4716445996,534765.5075456388,890609.9425,946781.7598522987,641244.7072799398,918388.7225
2023-12-09,1065780.089062135,560862.2836472495,1259783.21,1172120.0437763496,676124.4684876581,1263898.71
2023-12-10,1282911.791268837,587097.2538948322,1217921.975,1372446.960186507,692849.0531376568,1209888.0074999998
2023-12-11,1373552.6424424483,627609.7531431697,1019976.9375,1420386.9783713645,761821.7862077255,1050958.1575
2023-12-12,1592618.0126883122,804973.3442473618,1226224.895,1733435.598631521,942685.1734795051,1254670.8775
2023-12-13,1402999.4774112995,881788.9469214812,1316430.62,1306800.1380782374,1032129.8328103882,1330302.4375
2023-12-14,1472679.7346571044,859733.8937150064,1388809.9975,1385708.6628810668,994896.8840389317,1391877.5525
2023-12-15,1588184.0206684347,791739.9367560237,1511946.2349999999,1518006.422392034,936194.5325666781,1521153.4449999998
2023-12-16,1539457.6660612514,791249.1648107556,1762900.6375,1703139.508736919,940655.3084881798,1787193.4025
2023-12-17,1570266.5667564194,815161.5676710336,1410937.9775,1624559.2027907057,969616.936133997,1422670.74
2023-12-18,1832699.7952076192,933684.5245182541,1400590.5225,1850402.2526378368,1077817.677780208,1437630.415
2023-12-19,1747229.9041832846,1029034.1613706325,1700963.4375,1838491.6337422882,1156504.08986233,1664722.5675
2023-12-20,1738783.959469592,1038438.9410080013,1735973.2625,1809359.0306786892,1180173.7259508315,1704986.2325
2023-12-21,1661487.7649202324,1012425.0963588371,1798727.8175,1612155.5726157366,1157612.714979904,1810093.9275
2023-12-22,1809872.5024794433,982971.2567084664,2039470.01,1778361.984180239,1148332.2410424226,2034111.26
2023-12-23,1715877.0965694126,934781.3610358138,1880272.8725,1714154.2267389176,1083370.784595018,1856884.9975
2023-12-24,1665509.2885268996,741260.1227703948,1580345.5125,1658417.3597906574,864446.0875098436,1609950.9875
2023-12-25,1399101.06610143,736822.16867431,1195123.4075,1487379.867271439,904439.2387724977,1200206.94
2023-12-26,1510514.3432151256,931747.3943391355,1397623.33,1598524.4421019517,1134873.4320149953,1377946.185
2023-12-27,1693298.9202336315,1026981.6765619955,1559969.8675000002,1788305.7922112308,1206274.9635755979,1592617.5675000001
2023-12-28,2109949.9895767383,1310281.8055507655,2580998.9625,2354813.6945551564,1496407.6550622683,2618888.035
2023-12-29,2983104.768951851,1711338.9404152646,3522618.6775,3289606.0087128733,1938691.5484235885,3577303.1225
2023-12-30,2835533.326038121,1737894.955759623,3311173.225,3082852.2041154285,1854242.9424203623,3344763.87
2023-12-31,2192209.867092457,1844042.598878567,2770925.745,2248726.9607654624,1838825.594105606,2765105.705
2024-01-01,2069499.4447429297,1281272.29043796,2197036.74,1907956.3329691433,1370447.8785531989,2203186.39
2024-01-02,1317630.9583592254,568787.3761911577,976141.52,1015964.5315760862,530787.9618987025,891256.365
2024-01-03,709030.9354128938,504735.33900393563,771345.495,613050.0404994829,493806.69444915943,633396.485
2024-01-04,743889.6968132097,504279.7560492293,1076793.4725,630228.2795841283,484962.3794001919,856369.345
2024-01-05,1061527.1201683905,590901.0556860556,1255524.5725,880333.046739692,569056.2680846725,1002648.865
2024-01-06,1228559.8087676873,616779.2650323703,1184552.6275,985349.8003886151,589979.7912064632,959483.61
2024-01-07,1298626.1097013452,692813.6550792963,1208293.4575,1049032.625719382,651971.2563641523,989209.405
2024-01-08,1546962.7929967241,783682.2350670712,1371931.81,1210202.4009680576,721136.9619624593,1115258.2349999999
2024-01-09,1573767.2560596995,822389.6749507217,1368717.0225,1358197.2565439644,769864.9985450421,1144717.5350000001
2024-01-10,1549267.0086197464,848451.7083479936,1515507.0274999999,1296811.4383623926,778100.6260295981,1246439.685
2024-01-11,1348835.4526020966,805702.7518162801,1698129.2000000002,1092102.2835508254,762738.3796209784,1357000.3075
2024-01-12,1397019.9617077357,746417.8171794852,1572424.7175,1181938.5342648884,711928.7448373775,1281840.2000000002
2024-01-13,1499658.176757841,829945.7753086385,1855537.995,1259216.4299869472,795801.68148225,1480425.5725
2024-01-14,1598772.45404862,867307.2622726365,1479692.365,1343069.9214474084,810572.4026878126,1179001.1425
2024-01-15,1696669.796572641,936487.3278289362,1330770.7125,1392118.446776218,883473.8629173543,1060426.76
2024-01-16,2060787.2089583438,1024643.5241123241,1501491.8575,1592542.1402062743,945757.1378781603,1210873.25
2024-01-17,1670762.587155983,1041034.9832506207,1739216.1025,1457352.269944337,971479.3102310552,1388780.665
2024-01-18,1514421.9438395633,974809.355733317,1901093.68,1325641.1151585812,917392.3137324221,1518515.4100000001
2024-01-19,1697026.1344470966,917808.7792164368,1827764.7974999999,1325041.5530510924,871380.6237276293,1490236.705
2024-01-20,1740771.956968992,917883.081131053,1939680.685,1452167.806628021,870130.3613262677,1533439.19
2024-01-21,1894230.2201195695,1017845.2009816518,1729597.915,1518945.490302736,945402.8081247512,1352728.0274999999
2024-01-22,2213366.9913214557,1142957.6031462094,1751655.97,1887183.3106803708,1065986.497302771,1426031.695
2024-01-23,2118402.037877765,1175589.9516429678,1590155.0525,1708397.2826764768,1085094.6672414308,1265061.0725
2024-01-24,1855363.7256261518,1239332.1258788707,2001620.6724999999,1556837.446802262,1145612.108974845,1620838.5425
2024-01-25,1932767.2672748608,1176112.7946302975,2163470.5300000003,1498594.5867435823,1087852.0828361153,1737802.1975
2024-01-26,2160509.50649452,1194400.5697282841,2667404.885,1877170.9634650322,1091725.9558262725,2136370.6625
2024-01-27,2294866.7755821245,1208401.1354813452,2829357.1075,2041191.5719148552,1086933.7249382648,2209372.7275
2024-01-28,2769182.0090663307,1482529.2934000257,3175661.27,2269463.614069995,1277589.0689848436,2512302.2925
2024-01-29,3163915.281195693,1768462.2737353805,3404052.6374999997,2442959.564560142,1498517.4664448001,2730653.4074999997
2024-01-30,3173012.6597813936,1805629.9912158404,3130150.7125,2496758.5061098444,1537406.1850775515,2564363.9825
2024-01-31,2488632.933236744,1567190.77858103,2491488.4675000003,2113543.192235158,1343063.372239704,2022421.3125
2024-02-01,2215745.9609261737,1285032.5941562569,2402669.5175,1694487.8487744841,1158611.541750084,1956706.1175
2024-02-02,1861691.4109319348,836757.035375886,1778131.8824999998,1384111.0488190972,773116.3426968025,1429071.0574999999
2024-02-03,1399460.5211480919,694833.5858661077,1386035.7850000001,943239.2718753505,675939.6201393121,1138760.445
2024-02-04,1452159.8929545176,791049.271217458,1300263.98,957331.5237910735,755300.2153818951,1047128.4525
2024-02-05,1706510.592732094,951221.7341850264,1577142.3375,1420541.1543590205,895848.1765969521,1279572.12
2024-02-06,1610848.4763674682,1000415.3442551898,1511752.875,1204991.0885509297,927409.796591451,1206183.7349999999
2024-02-07,1617372.4746135827,1009058.2706362765,1714658.03,1422136.568276146,962712.1238178213,1387145.1324999998
2024-02-08,1638405.3925750349,1018397.2617161201,1930261.7625,1365698.9617809772,964608.4474525895,1582613.475
2024-02-09,1811336.701793922,891217.2746791509,1949030.38,1516859.762806201,844030.3784568027,1557355.335
2024-02-10,2063152.8124687073,1093400.0028055732,2204473.6,1634784.8672997442,1013441.4307194336,1801321.7125
2024-02-11,2125761.5652226023,1200228.5166435563,1955325.845,1750080.8130847448,1086061.7880062032,1580966.125
2024-02-12,2221339.3045195825,1434506.3900149697,2014737.9825,1950317.1478431795,1281914.0884311402,1660874.6625
2024-02-13,2333128.76526307,1442711.2375685435,2086033.1925,2199406.2717308914,1276620.8857703025,1705681.975
2024-02-14,2666374.0273824567,1539335.6405734075,2604307.2649999997,2131481.9033759176,1396442.6276907942,2158243.28
2024-02-15,2609246.9298750674,1415735.7268420898,2722122.6775,2138415.1596307703,1244231.9016834488,2163936.4775
2024-02-16,2410592.1018891,1267385.5624778285,2701227.04,2084901.9507179956,1132950.9838114243,2215202.8274999997
2024-02-17,2502190.537190939,1225031.7395133597,2879965.35,2204811.905471988,1095362.7867174647,2283301.705
2024-02-18,2771001.3734026076,1515149.393794688,2633494.6025,2256847.7116788332,1342181.2467066275,2131532.5524999998
2024-02-19,2801534.6129193073,1635829.5865826458,2338451.2800000003,2388749.4790917635,1455103.617294218,1876568.1525
2024-02-20,2843456.7035679547,1743700.811321817,2776648.4475,2350678.0206666025,1504903.673986551,2250007.3625
2024-02-21,2966952.1971115833,1749451.4583904592,2751773.7600000002,2420074.1119054803,1540325.642269612,2247616.7775
2024-02-22,2890925.7028290806,1753648.9664730437,3184920.36,2430872.4858480007,1542562.7065554936,2615170.6275
2024-02-23,3015460.130386499,1739835.019194836,3788444.7075,2514286.5854069414,1534370.006765046,3085449.95
2024-02-24,3043467.8406130434,1696275.597413752,3805664.1950000003,2642387.802673702,1452738.8655638148,3095896.7575000003
2024-02-25,3424186.341583235,1981371.7308092972,4803336.1525,3061289.3393407273,1644663.499154772,3900129.5199999996
2024-02-26,4440216.421240504,2450969.704988946,4759635.2875,3506938.8031841097,1872577.6367845698,3838033.2625
2024-02-27,4533031.428046945,2282565.1693220693,4151375.5125,3981939.0751098087,1854153.0155362152,3442876.7225
2024-02-28,3560888.2820416293,2088073.9702115203,3349859.505,2945605.1626077443,1673554.2676202715,2691506.8375
2024-02-29,2301808.3127837,1639043.158263402,2286005.685,2083848.4937371959,1444333.4004736708,1905362.715
2024-03-01,1534452.5281389295,876618.8390949295,1784355.905,1334480.8149386495,740013.8331770304,1495749.4075
2024-03-02,1112519.0257867621,541373.8285182953,991428.335,891344.2406980837,507365.7611201091,818448.895
2024-03-03,1397841.3903548168,672538.6595292164,1578309.58,1181535.5631859496,607516.661152491,1260513.9
2024-03-04,1885434.686752208,853312.5719073222,1891131.65,1618706.8268114584,757223.1427917316,1547714.8125
2024-03-05,2575120.4573547314,1107686.1191410285,2445952.3275,2015617.4640820767,945105.5551918559,1963752.43
2024-03-06,2606912.025243287,1356267.9456535522,2374114.5775,2063629.7178619965,1151836.1079225368,1904004.6325
2024-03-07,2766504.4221826587,1447618.4356228192,2770624.0675,2247290.9173612385,1213322.9328131184,2242017.04
2024-03-08,3064559.8399469005,1501424.634913562,3119094.31,2349294.1999960756,1258069.185530412,2494225.485
2024-03-09,3024352.6970283333,1435418.5216190529,2908708.6475,2491911.6405079365,1238769.0747070133,2326593.4975
2024-03-10,3208214.527658427,1574848.7521738254,3093028.4924999997,2412029.362918838,1325624.6421611493,2488491.7775
2024-03-11,4267246.435075485,2028297.7524071229,3806222.29,3200709.645583064,1695684.4459465828,3149659.16
2024-03-12,4617559.189716087,2215351.227264922,4045228.4675,3697960.523764555,1849786.101847144,3285072.88
2024-03-13,4891859.128038995,2467015.9358129036,3746978.67,3771525.6249289806,2041217.5710734446,3022641.68
2024-03-14,5068425.302686422,2203462.116952582,3636017.3674999997,3843042.215238707,1817329.9055559163,2943178.1875
2024-03-15,3971892.445374904,1862929.9201341262,3585880.3225,2964172.3360098717,1587118.9578388282,2941932.64
2024-03-16,4138646.5967315566,2091307.145497184,4274140.2325,3550403.266457852,1737329.9519082748,3509255.725
2024-03-17,4085677.8155562407,2304605.3153512888,4435735.415,3519367.4974405607,1911429.8977515867,3609821.1224999996
2024-03-18,4223296.533074528,2393922.9736030274,4217628.9725,3682891.422088848,2048423.4775926357,3515250.1775
2024-03-19,4483203.197589815,2692138.246903468,4347517.3625,4024236.5510069313,2329542.591487529,3719812.32
2024-03-20,4383328.458997741,2752808.018431864,3995434.4425,4099148.3709406015,2482039.6919001946,3550320.215
2024-03-21,4649039.994869803,2503790.6243063402,3986869.2,4437115.798527488,2293357.510495921,3677525.77
2024-03-22,4062379.765998624,2210329.9677291326,4191914.22,3715493.9641499287,2028750.103687923,3818215.385
2024-03-23,4082960.0920765987,2235456.2684008265,4473913.1875,3921151.2111428604,2093461.5474389337,4092051.9825
2024-03-24,3808894.5021037026,2272071.3988569276,4298450.5625,3780840.9993892335,2153387.2879074872,3960180.9525
2024-03-25,4351754.967068243,2602900.137700484,4794446.1675,4202325.760197429,2467773.166469141,4328531.4425
2024-03-26,5218123.550635348,3035875.9725958123,5073357.91,4797284.855390838,2873749.6712007816,4661279.6275
2024-03-27,5278560.51256555,2973880.9867214924,4748200.3925,5323667.783936405,2600523.318416404,4309498.915
2024-03-28,4901859.110604646,2488468.187768299,4353714.8675,4904951.946073916,2262760.5638201796,3955955.4725
2024-03-29,7573525.019304919,5322253.53435141,9183802.5425,6450142.631756748,4266128.794398022,8389798.059999999
2024-03-30,8335679.569133565,4316039.706571517,8653962.165,7530379.464355002,3737572.3788943924,7955104.9399999995
2024-03-31,7326112.890617302,4106913.791061636,8266395.4775,7204336.176398925,3600638.2617044323,7623874.275
2024-04-01,7277740.787365514,6637942.640821982,7927732.8225,6774050.090134023,5641280.067859686,7306321.55
2024-04-02,7350473.039430638,4423777.6419125125,7126928.505,6263840.818244817,3842063.8035771735,6529525.095
2024-04-03,3024618.8038692516,2190703.822375146,3132043.63,2743102.22369459,2123326.1463290416,2781692.1624999996
2024-04-04,2396454.673600754,1881577.074626276,2549819.8475,2199025.3075633454,1868073.1018116253,2372209.1625
2024-04-05,2422453.7703628577,1622453.6803608697,2522930.6875,2096897.712150241,1623207.3762735997,2299873.5225
2024-04-06,2436439.402616189,1521256.5537650469,2466968.9074999997,2292895.3342833007,1531444.5767255155,2265563.7625
2024-04-07,3013438.507639903,1707140.3090283293,2904636.3875,2446850.6057630144,1662136.1225436039,2635313.42
2024-04-08,3863428.8922657617,2183360.8489277903,3717013.7225,3462138.3582695043,2083126.2657479944,3394145.91
2024-04-09,3787236.850871688,2238515.8930880874,3391967.1799999997,3134422.0225725295,2099818.873844926,3060378.82
2024-04-10,3950602.7336125574,2417964.8375310893,3386502.2725,3680186.2342096665,2271731.0747927283,3137032.9074999997
2024-04-11,3970651.824006039,2311672.6169894505,3574741.8475,3575095.9010168216,2146448.637788205,3288616.64
2024-04-12,3897162.6766546154,2090018.3803168694,3569288.5575,3300071.8831469943,1941009.9067782732,3260360.1425
2024-04-13,4066000.3914664476,2462366.765911704,4459714.57,3887631.0912198024,2303059.9998800764,4118622.3375000004
2024-04-14,4439346.376079381,2411957.0036033783,4114071.42,3855588.305364877,2140542.398909228,3613720.8675
2024-04-15,4645897.765093284,2912488.0940916385,4629471.6375,4107551.9718359876,2531362.558590574,4004759.7175000003
2024-04-16,4287231.112566203,3012872.11457266,4378333.2675,4122755.9784076945,2558869.66220069,3644405.2575000003
2024-04-17,4125107.793445512,3101852.7662214506,4036595.2174999993,3462806.789601567,2619041.2392467037,3222583.7675
2024-04-18,3858035.8177437712,2872608.7614769116,3765633.79,3219663.61769695,2489662.6918179947,3034574.8725
2024-04-19,4222292.7747864,2638210.7646264317,4477313.3025,3563746.282054535,2276213.939134681,3594193.9325
2024-04-20,3816174.3699365105,2192085.452017025,4040346.7975000003,3176736.4485512613,1979048.9034056233,3220775.2625
2024-04-21,4665025.941517941,2600538.627008366,4532270.5075,3867066.143892001,2206488.019467117,3662096.0125
2024-04-22,4864270.86299785,2960560.4257214344,4736845.4475,4083605.2188522923,2443885.878015005,3807716.265
2024-04-23,5184666.278886957,3595584.0268635955,5045193.505,4547288.786152644,2908505.6821607817,4087461.1225
2024-04-24,5025946.788029136,3297483.548551971,4354310.8575,4725674.173493352,2842285.878529901,3465148.045
2024-04-25,5103120.852630507,2888891.8581374544,4513668.234999999,4350103.116231034,2462173.9540004306,3627816.385
2024-04-26,4404409.089447473,2685792.1401815875,5008974.6875,3903720.701279234,2285220.0716502364,4034856.9975
2024-04-27,4730690.022349118,2767766.785692807,5558001.26,3966534.442470541,2317033.64156794,4419281.635
2024-04-28,6228369.456824248,4486084.219449527,7940859.2775,4784988.41491349,3438986.498970726,6373867.41
2024-04-29,6645112.804547665,4756196.509386211,7908948.895,5744327.251948335,3851408.264025243,6395759.5825
2024-04-30,6603552.470470513,4527417.575592255,7065026.630000001,5832219.817753328,3651331.500798789,5738414.5775
2024-05-01,5184874.190035886,4115744.2350099706,5908307.385,4305102.121860005,3441702.309392727,4709084.5375
2024-05-02,5418030.1759050125,3922435.828252869,4547163.2675,4166348.1845830833,3068363.210732434,3699081.435
2024-05-03,2144270.616939631,2158290.1405193885,2595779.195,1800001.5227145858,1980650.2623193697,2081014.815
2024-05-04,2196928.7882995536,1230625.8449780121,2551274.14,1769332.6331700776,1049814.2097860128,2021155.49
2024-05-05,2425965.853324754,1892458.6557287604,2709731.165,2212875.8908326784,1613442.786721652,2175036.7425
2024-05-06,3024637.920869266,2278265.752376516,3163920.74,2367931.147454168,1897191.6918067825,2536383.9825
2024-05-07,2911794.6240459494,2158164.91216342,2957966.39,2309473.4287768374,1857971.2684637306,2394691.955
2024-05-08,3606608.5320703425,2501160.488440807,3537923.795,2677797.3066509985,2124478.1301994,2875369.51
2024-05-09,3580186.3386432985,2480311.8556388244,3160097.7475,2872133.9186941576,2076414.1839888373,2499532.335
2024-05-10,3629378.061278984,2308198.9747715574,3619630.83,2762915.2995496825,1955605.101179779,2907050.275
2024-05-11,3767470.7195722307,2303818.273984275,4002753.2399999998,3017850.8627006914,1915802.742435682,3179818.08
2024-05-12,3720098.637538935,2511976.2780359956,4317971.405,3199676.37817758,2143231.2272752174,3501747.04
2024-05-13,4101200.2191489246,2910612.510432394,4417501.2425,3377233.543676138,2443744.251759984,3547755.455
2024-05-14,4184065.108111095,2974113.0705445,4335401.0175,3629650.461647541,2487250.3968493515,3483417.04
2024-05-15,4836364.826554264,3201706.7670228905,4540835.8125,3991091.982129778,2618983.359647997,3653557.175
2024-05-16,5098927.159490844,3240204.509938178,4385464.26,4116311.3931483068,2700486.0832204088,3562936.75
2024-05-17,4421118.945519419,2975664.3825111496,4346970.795,3559862.595434745,2488132.7522672922,3525988.6925
2024-05-18,3953082.201905788,2468814.015880558,4182849.7325,3319073.8787119817,2019120.2736706345,3353212.36
2024-05-19,3485381.5703475643,2393636.176343058,3786413.4975,2873308.0914082145,2110781.2816315894,3054201.51
2024-05-20,3838658.8418247667,2945191.0938801556,4383462.63,3290613.823288546,2526479.1505059046,3544398.05
2024-05-21,4724247.426043595,3427172.442109093,4920816.815,3815937.027309049,2811502.24166438,3993720.485
2024-05-22,4552080.666436292,3243841.0968207093,4415227.0575,4082982.724965212,2662897.966879071,3511931.0
2024-05-23,5108017.466495649,3148032.791617992,4175791.74,4380108.63784616,2676633.7811043584,3375706.185
2024-05-24,4579789.325672815,2895414.6509139435,4450231.529999999,3871077.675868286,2508778.5778406113,3612701.91
2024-05-25,4005541.2878906676,2453194.0120258383,4717298.2675,3423972.1254352457,2216952.8044105484,3788304.6675
2024-05-26,3830512.6170120705,2483031.2749234424,4651047.3325,3369694.027046513,2340911.114259961,3827682.9349999996
2024-05-27,4006263.052828478,2647898.9430066007,4800056.445,3437793.8908838243,2420407.04916563,3887609.33
2024-05-28,5857818.011207129,3506682.929582936,5944462.5275,4294605.586326945,2947782.1594758416,4721996.275
2024-05-29,7807565.862548041,6313580.118066172,8916263.4825,6496077.179311177,4779965.355813328,7200802.6975
2024-05-30,9439210.35621087,6279665.680093032,8462049.7325,7052825.554611806,4725350.034126543,6786744.5675
2024-05-31,7237554.025717467,4870442.269313766,7841210.425000001,5554439.896347971,3784203.581798862,6418697.3925
2024-06-01,7428719.469920949,4502029.437152966,7544018.0675,5154303.359186449,3562571.41852028,6119771.625
2024-06-02,5017771.034406204,2644186.9883999606,5612324.005,3680624.1928682965,2242400.252168923,4511122.89
2024-06-03,2936394.398034125,1936194.7873264295,3169395.1525,2241439.614161942,1814394.9725509218,2583743.0625
2024-06-04,3111831.644512195,2179935.223743896,2977230.7075,2309099.1215521884,1931569.470068493,2327752.785
2024-06-05,3202354.4939399105,2577165.83583062,3190660.88,2375549.906335907,2223151.391956932,2588752.6275
2024-06-06,2943006.8830266353,2434198.139173184,3124858.8975,2376349.5482638464,2127103.132268889,2585204.48
2024-06-07,3090125.1314460463,2139070.8507300937,3395677.3674999997,2389059.116565305,1840132.9007298686,2726412.975
2024-06-08,3116658.1253562295,2119567.409094172,3423070.5149999997,2341178.193215308,1858434.566089106,2773918.655
2024-06-09,3477851.5550936935,2409092.580455558,3869548.51,2463028.412150829,2024013.6427522553,3102607.07
2024-06-10,4106770.6678556395,2794804.3608112335,3914816.61,3033099.1652728263,2270658.6279492425,3106788.5975
2024-06-11,4825549.289886084,3174631.7011150327,4246837.34,3545714.735620465,2587434.1239421545,3427361.665
2024-06-12,4096304.460951656,2889388.5054861126,3386249.865,3296395.529246725,2423112.970917452,2759295.8225
2024-06-13,4321426.850705763,2914329.159206322,3753245.215,3190501.437313196,2416375.428297703,3031673.9924999997
2024-06-14,4151878.2203811826,2715247.5913653043,4332795.0125,3499901.1319849896,2248367.374399963,3532188.09
2024-06-15,3862555.7594301524,2576614.251707299,4189598.24,3350831.2783822725,2193213.388849595,3404715.7175
2024-06-16,4459128.686284802,3047862.0695282547,4626818.3275,3501624.9472010103,2540039.3643546943,3755914.8025
2024-06-17,4527997.024732518,3448777.3759596692,4759010.172499999,3483098.7890708186,2849597.4063123744,3785977.9850000003
2024-06-18,4122543.5944611356,3194552.379890783,4305072.8125,3533523.8978068815,2762249.9257306024,3498252.505
2024-06-19,3896464.7325221603,2870143.890161938,3396828.615,2981881.907415412,2523380.657892549,2724925.0725
2024-06-20,3843602.420427529,2675972.564981244,3431904.5275,2951910.961974973,2385769.102292195,2800559.085
2024-06-21,3923486.54559885,2620456.2179753915,4256271.4475,3465478.840904342,2220132.7628566595,3407062.315
2024-06-22,3222260.8317162055,2274993.9226583904,3760997.0675,2536589.446747067,2085705.482217425,3124703.8324999996
2024-06-23,3609606.5342872213,2763686.1466889493,4155747.9875,3232070.3958935393,2517196.6617849567,3620306.0575
2024-06-24,3824598.911829422,3173689.033848192,4394799.6975,3527052.8497710004,2950595.287546272,3921857.21
2024-06-25,4062523.530467786,3136053.9357341663,4164843.5125,3709075.44909093,2904367.2721888497,3856793.9275
2024-06-26,3951041.2964830636,3122242.577076701,3647338.89,3984053.183899012,2880756.879398387,3527554.105
2024-06-27,4703818.923256671,3448751.2240889375,4419254.395,4343036.810999342,3159798.289800475,4347836.2325
2024-06-28,4930749.588708427,4065408.6417563134,6057633.6025,4816798.510780967,3815446.792647113,6086702.555
2024-06-29,4206575.880030563,3092702.8992556473,5191786.5175,4624679.750716643,3037968.5036118203,5036775.445
2024-06-30,4243741.232779236,3063638.4921641536,5139477.965,4566741.1851374945,3070821.6295832368,5141382.88
2024-07-01,4150922.239431128,3526113.8659574552,4662226.53,3619656.34455189,3368520.719135505,4607909.5725
