product_id,product_name,category,segment,size,color,units,orders,revenue,gross_margin,discount_amount,gross_before_discount,promo_revenue,promo_units,return_qty,refund_amount,return_orders,first_return,last_return,avg_rating,n_reviews,gross_margin_rate,discount_rate,promo_revenue_share,promo_unit_share,return_rate_qty,refund_share,avg_days_supply,avg_sell_through,overstock_rate,overstock_clearance_signal,cogs,price,realized_price_per_unit,realized_vs_cogs,list_margin_rate
407,SaigonFlex UM-12,Streetwear,Balanced,XL,silver,7290,1614,132919300.63,-4061755.4415048975,6544325.28,139463625.91,48382866.1,3017,231.0,3928858.67,93.0,2018-09-25,2022-12-01,4.022058823529412,272.0,-0.0305580560705128,0.0469249615252599,0.3640018106526205,0.4138545953360768,0.0316872427983539,0.0295582255652739,126.49622641509434,0.2687075471698113,0.5660377358490566,False,18790.26832256583,19779.22981322719,18233.100223593963,-0.029651950116260206,0.05000000000000006
551,SaigonFlex UC-16,Streetwear,Everyday,XL,black,14246,3113,148825268.12,-3366691.4605830046,5838404.87,154663672.99,43413402.85,4871,473.0,4532944.18,169.0,2012-09-01,2016-10-28,3.904950495049505,505.0,-0.022621773191555,0.0377490380069888,0.2917072040145436,0.3419205390986943,0.0332023024006738,0.0304581623622207,3420.810344827586,0.1865362068965517,0.6379310344827587,False,10683.136289525692,11245.40662055336,10446.810902709532,-0.022121349050640227,0.05000000000000003
599,SaigonFlex UC-64,Streetwear,Everyday,XL,yellow,6734,1489,65856249.06,-2267679.2546820696,3140250.24,68996499.3,23490640.18,2752,199.0,1838941.51,78.0,2016-08-25,2020-10-15,3.8461538461538463,247.0,-0.0344337748816523,0.0455131821448802,0.356695689707415,0.4086724086724086,0.0295515295515295,0.0279235689285095,900.5901639344262,0.169611475409836,0.7540983606557377,False,10116.413471143758,10648.856285414482,9779.662765072766,-0.033287558583043886,0.049999999999999975
461,SaigonFlex UM-66,Streetwear,Balanced,M,black,3575,770,45002124.87,-2082298.099207318,2276786.04,47278910.91,17834098.66,1616,95.0,1115585.48,38.0,2021-09-09,2022-12-18,3.9274193548387095,124.0,-0.0462711062027084,0.0481564823761292,0.3962945907891749,0.452027972027972,0.0265734265734265,0.0247896178952138,101.97222222222224,0.2963833333333333,0.2777777777777778,False,13170.467963414634,13863.650487804878,12588.006956643356,-0.04422477685601289,0.05000000000000001
657,SaigonFlex UC-22,Streetwear,Everyday,M,silver,8570,1899,87873368.05,-1847708.078740802,3909934.85,91783302.9,28331374.19,3164,252.0,2415218.4,87.0,2014-09-07,2017-07-08,3.800632911392405,316.0,-0.0210269404683504,0.0425996311579674,0.3224113837753372,0.3691948658109685,0.0294049008168028,0.0274852148449088,1402.357142857143,0.2627885714285714,0.5428571428571428,False,10469.203748977923,11020.21447260834,10253.601872812134,-0.020593913475686954,0.050000000000000044
432,SaigonFlex UM-37,Streetwear,Balanced,S,orange,7910,1726,81827863.21,-1652244.0859066246,3628204.73,85456067.94,25842611.84,2871,273.0,2599283.24,98.0,2013-10-17,2016-11-12,3.9145907473309607,281.0,-0.0201917051367498,0.0424569584988092,0.315816774705194,0.3629582806573957,0.0345132743362831,0.0317652586543693,1762.9695652173914,0.1965673913043478,0.717391304347826,False,10553.743020974289,11109.203179972936,10344.862605562577,-0.019792069505253918,0.05000000000000001
472,SaigonFlex UM-77,Streetwear,Balanced,S,orange,3349,728,35206591.44,-1513521.590594851,1072791.39,36279382.83,10202800.82,1185,112.0,1085345.96,42.0,2012-08-15,2014-05-17,3.928571428571429,112.0,-0.0429897223414608,0.0295702767333983,0.2897980293658329,0.3538369662585846,0.0334428187518662,0.0308279193073738,874.9095238095238,0.3060428571428571,0.2857142857142857,False,10964.500755627008,11541.579742765272,10512.568360704687,-0.0412177813650465,0.05000000000000003
2361,VietMotion UC-09,Streetwear,Everyday,M,black,4176,929,27435719.94,-1116275.473652694,1288207.68,28723927.62,9579601.73,1694,126.0,787164.76,49.0,2017-01-08,2022-11-06,3.880794701986755,151.0,-0.0406869393656849,0.04484789465571,0.3491653126271123,0.4056513409961685,0.0301724137931034,0.0286912376172914,651.964,0.1564133333333333,0.7733333333333333,False,6837.16365269461,7197.0143712574845,6569.856307471265,-0.03909623329229461,0.04999999999999999
939,HanoiStreet UC-02,Streetwear,Everyday,XL,yellow,8316,1836,34424138.65,-1080201.4187403594,1525586.3,35949724.95,11541076.57,3229,295.0,1126632.32,95.0,2017-03-08,2022-10-12,4.034843205574913,287.0,-0.031379185103891,0.0424366612574041,0.3352611575075677,0.3882876382876383,0.0354737854737854,0.032727974153683,1155.2905405405406,0.1542972972972973,0.7702702702702703,False,4269.401162667191,4494.106487018096,4139.506812169312,-0.030424489418729328,0.05000000000000012
2067,UrbanVN UC-02,Streetwear,Everyday,XL,silver,3162,725,18710519.02,-957653.564853034,941145.41,19651664.43,7203305.5,1407,131.0,739013.13,46.0,2015-05-08,2021-06-19,4.1683168316831685,101.0,-0.0511826296122187,0.0478913841294408,0.3849869419603091,0.4449715370018975,0.0414294750158127,0.039497200970751,1186.509756097561,0.1527487804878048,0.7926829268292683,False,6220.168432907348,6547.54571884984,5917.3051929158755,-0.04869052072435798,0.050000000000000086
202,IndigoViet UM-04,Streetwear,Balanced,L,orange,2147,475,32166796.1,-940221.5726016916,1397280.59,33564076.69,10690881.56,823,66.0,927237.13,23.0,2020-04-16,2022-10-16,3.707317073170732,82.0,-0.0292295685799336,0.041630240655966,0.3323576748758015,0.3833255705635771,0.0307405682347461,0.0288259087761618,263.7837837837838,0.1774675675675675,0.8108108108108109,False,15420.129330508473,16231.71508474576,14982.205915230556,-0.028399464485131976,0.04999999999999993
585,SaigonFlex UC-50,Streetwear,Everyday,M,purple,6274,1369,29132633.58,-932625.6062421894,1226075.36,30358708.94,9821097.05,2446,220.0,938075.12,78.0,2019-02-28,2022-10-11,4.013888888888889,216.0,-0.0320130895025725,0.0403862813278119,0.3371166915970939,0.389862926362767,0.035065349059611,0.0322001482435148,198.7458333333333,0.1999166666666666,0.7708333333333334,False,4792.040036060279,5044.252669537136,4643.390752311125,-0.031020042117879454,0.05000000000000009
575,SaigonFlex UC-40,Streetwear,Everyday,XL,purple,2243,489,22848956.37,-926976.4211042932,702217.74,23551174.11,6496537.58,776,67.0,583614.3200000001,23.0,2012-08-23,2014-04-22,3.958904109589041,73.0,-0.0405697488363794,0.0298166765155811,0.2843253527557066,0.3459652251448952,0.0298707088720463,0.0255422746907717,1170.6181818181817,0.1866590909090908,0.5454545454545454,False,10600.059202453987,11157.957055214723,10186.78393669193,-0.038988014865650955,0.04999999999999998
493,SaigonFlex UM-98,Streetwear,Balanced,M,blue,2322,501,24746626.72,-921446.2700000004,784829.52,25531456.24,6930443.95,790,59.0,584882.73,25.0,2012-08-30,2014-02-22,4.08641975308642,81.0,-0.037235227266563,0.0307397084060724,0.2800561073804406,0.3402239448751076,0.0254091300602928,0.0236348467456901,768.245,0.32916,0.3,False,11054.295,11636.1,10657.461981050817,-0.03589853707985746,0.050000000000000024
409,SaigonFlex UM-14,Streetwear,Balanced,M,yellow,6954,1525,73935925.42,-914606.7929714,3253648.91,77189574.33,25322346.96,2769,226.0,2296319.71,83.0,2015-08-26,2017-05-08,4.017021276595744,235.0,-0.012370262328846,0.0421514037127609,0.3424904309529368,0.3981880931837791,0.0324992809893586,0.0310582399145684,2824.5576923076924,0.2414423076923076,0.5,False,10763.665834479638,11606.281900452488,10632.14343111878,-0.012219108748206087,0.07259999999999997
420,SaigonFlex UM-25,Streetwear,Balanced,S,red,1755,403,23556147.39,-907035.9888461528,951544.27,24507691.66,7749043.79,678,50.0,595932.97,21.0,2017-08-20,2018-08-21,3.888888888888889,63.0,-0.0385052773625964,0.0388263522816004,0.3289605749915457,0.3863247863247863,0.0284900284900284,0.0252984055556123,792.4619047619047,0.2364761904761904,0.5238095238095238,False,13939.135828402366,14672.77455621302,13422.306205128205,-0.03707759430976132,0.050000000000000204
1187,MekongFit UE-23,Streetwear,Performance,XL,silver,7138,1555,36036412.13,-885320.2294886876,1407717.71,37444129.84,11009339.26,2540,205.0,933103.4,80.0,2015-01-28,2017-09-14,3.893700787401575,254.0,-0.024567379968209,0.0375951508558277,0.3055059760190393,0.3558419725413281,0.0287195292799103,0.0258933491112784,2262.1275,0.21214,0.675,False,5172.559871040724,5444.799864253394,5048.530699075372,-0.023978296057962756,0.05000000000000006
109,DragonWear UM-36,Streetwear,Balanced,M,yellow,865,197,11429058.09,-705787.4400976131,656628.65,12085686.74,4681868.42,409,17.0,207603.03,9.0,2021-07-15,2022-11-28,4.081081081081081,37.0,-0.0617537713554147,0.0543310995995582,0.4096460428437633,0.4728323699421965,0.0196531791907514,0.0181644916287235,75.97999999999999,0.350955,0.15,False,14028.723156182212,14767.077006507592,13212.783919075144,-0.05816204568464223,0.05000000000000005
471,SaigonFlex UM-76,Streetwear,Balanced,XL,black,1788,401,18453361.54,-626972.1854782584,897537.59,19350899.13,6610450.89,733,37.0,366845.02,14.0,2021-11-12,2022-12-26,4.044117647058823,68.0,-0.0339760419324802,0.046382216349241,0.3582247535589117,0.4099552572706935,0.0206935123042505,0.0198795769109501,76.27222222222223,0.3499611111111111,0.2777777777777778,False,10671.32758695652,11232.976407322654,10320.672002237136,-0.03285960269348198,0.0500000000000001
425,SaigonFlex UM-30,Streetwear,Balanced,M,purple,876,207,9500241.0,-610724.151558935,449661.72,9949902.72,3749745.56,403,24.0,215045.07,10.0,2017-09-14,2018-08-04,3.942857142857143,35.0,-0.0642851219836354,0.0451925745058942,0.3947000460304112,0.4600456621004566,0.0273972602739726,0.0226357489246851,446.7055555555555,0.2747666666666666,0.3333333333333333,False,11542.197661596958,12149.68174904943,10845.02397260274,-0.060402161653655084,0.05000000000000008
945,HanoiStreet UC-08,Streetwear,Everyday,M,purple,3426,750,26220259.01,-602981.41475295,1033256.33,27253515.34,8012501.48,1218,159.0,1091178.21,53.0,2019-05-31,2022-11-06,4.048076923076923,104.0,-0.0229967756810862,0.0379127726133549,0.3055843756899639,0.3555166374781086,0.0464098073555166,0.0416158440534031,369.10888888888894,0.1806955555555555,0.7777777777777778,False,7829.317111720067,8241.386433389545,7653.315531231758,-0.022479812476217664,0.0500000000000001
2350,VietMotion UE-24,Streetwear,Performance,L,red,3882,870,16550554.39,-597798.0334579429,802077.01,17352631.4,6119300.93,1637,120.0,484550.34,52.0,2019-03-20,2022-11-28,3.888888888888889,153.0,-0.0361195171697171,0.0462222121539445,0.3697338944547584,0.4216898505924781,0.0309119010819165,0.0292769854460446,239.2854166666667,0.18984375,0.7083333333333334,False,4417.401448598131,4649.896261682243,4263.409167954663,-0.03486037717770418,0.05
590,SaigonFlex UC-55,Streetwear,Everyday,L,red,3520,768,35053442.77,-588022.6631776697,1579959.6,36633402.37,11578416.07,1317,134.0,1240473.39,49.0,2018-03-11,2022-03-04,3.954545454545455,110.0,-0.0167750331126082,0.0431289341907774,0.3303075291625627,0.3741477272727272,0.0380681818181818,0.0353880615418934,799.1294117647059,0.1646333333333333,0.803921568627451,False,10125.416316243656,10658.332964467008,9958.364423295456,-0.016498274019628,0.05000000000000017
571,SaigonFlex UC-36,Streetwear,Everyday,XL,black,2465,567,14234307.61,-577729.4899999965,473695.87,14708003.48,4120839.51,870,42.0,215093.74,24.0,2012-12-12,2013-11-28,3.913978494623656,93.0,-0.0405871157086787,0.0322066737775887,0.2895005238684736,0.3529411764705882,0.0170385395537525,0.015110938016324,1461.4148148148147,0.1550777777777778,0.6666666666666666,False,6008.939999999999,6325.199999999999,5774.566981744421,-0.0390040536692956,0.050000000000000044
410,SaigonFlex UM-15,Streetwear,Balanced,L,red,1000,229,16191802.22,-569092.1652459011,772412.8,16964215.02,5870387.97,415,22.0,339415.2,9.0,2014-10-17,2016-04-23,3.765957446808511,47.0,-0.0351469316085742,0.0455318916371528,0.3625530926229409,0.415,0.022,0.020962163160612,631.4958333333333,0.1631833333333333,0.6666666666666666,False,16760.8943852459,17643.046721311475,16191.802220000001,-0.03395356788041426,0.05
1879,BambooCraft UM-17,Streetwear,Balanced,XL,yellow,1470,318,16893611.2,-568911.349594595,900983.27,17794594.47,6223183.53,617,39.0,406667.36,18.0,2019-12-19,2022-11-15,3.912280701754386,57.0,-0.0336761242376996,0.0506324137658193,0.3683749706516272,0.4197278911564626,0.0265306122448979,0.0240722575644454,272.5026315789474,0.1850473684210526,0.6842105263157895,False,11879.26704054054,12504.491621621622,11492.252517006802,-0.032578990118916296,0.05000000000000006
510,SaigonFlex UM-15,Streetwear,Balanced,L,red,6017,1322,62011143.63,-556972.27374089,2680991.24,64692134.87,18993104.29,2118,198.0,1857577.28,77.0,2012-10-17,2017-05-19,4.101010101010101,198.0,-0.0089818094158069,0.0414423058597076,0.306285341281973,0.352002659132458,0.0329067641681901,0.0299555397830356,1774.4567164179105,0.1558955223880597,0.8208955223880597,False,10398.556739860544,11057.58904706566,10305.990299152401,-0.008901854653858732,0.05960000000000024
423,SaigonFlex UM-28,Streetwear,Balanced,XL,blue,653,149,7270471.35,-495365.0430963288,372096.87,7642568.22,2796885.9,295,21.0,195473.41,9.0,2017-08-21,2018-08-18,3.7777777777777777,27.0,-0.0681338278152115,0.0486874123054933,0.384691138353774,0.451761102603369,0.0321592649310872,0.0268859336059415,287.85,0.2827727272727273,0.3636363636363636,False,11892.551903669722,12518.475688073391,11133.953062787135,-0.06378772588316417,0.04999999999999994
653,SaigonFlex UC-18,Streetwear,Everyday,M,blue,1568,347,15278689.58,-488029.8258745367,696898.0599999999,15975587.64,5513539.47,645,65.0,535924.83,22.0,2021-08-28,2022-12-27,3.7777777777777777,54.0,-0.0319418640793235,0.0436226870462713,0.3608646828728881,0.4113520408163265,0.041454081632653,0.0350766227164882,63.727777777777774,0.3889611111111111,0.1666666666666666,False,10055.305743542434,10584.532361623616,9744.062232142856,-0.03095316237394974,0.05000000000000012
638,SaigonFlex UC-03,Streetwear,Everyday,L,pink,952,214,10474075.62,-474093.35999999975,375737.11,10849812.73,3334182.88,363,29.0,324837.10000000003,14.0,2012-08-18,2013-09-30,3.8,30.0,-0.0452635036446299,0.0346307461105828,0.3183271728183303,0.3813025210084033,0.0304621848739495,0.0310134384918637,386.10526315789474,0.244978947368421,0.4210526315789473,False,11500.1775,12105.45,11002.180273109243,-0.043303438306996234,0.05000000000000007
437,SaigonFlex UM-42,Streetwear,Balanced,M,silver,1079,247,9429577.53,-463996.85671875,239786.83,9669364.36,2553026.86,367,50.0,418246.77,18.0,2012-08-22,2013-10-17,3.9743589743589753,39.0,-0.0492065371160642,0.0247986135460924,0.2707466852971514,0.340129749768304,0.0463392029657089,0.0443547729120797,464.1454545454546,0.2995636363636363,0.4090909090909091,False,9169.20703125,9651.796875,8739.182140871177,-0.046898809124195306,0.05
2076,UrbanVN UC-11,Streetwear,Everyday,S,green,1204,265,9444359.62,-413834.8635862053,395454.76,9839814.38,3298988.2,490,49.0,357363.42,20.0,2017-05-23,2022-05-23,3.85,40.0,-0.0438182026349188,0.0401892499927422,0.3493077702180934,0.4069767441860465,0.0406976744186046,0.0378388196107255,288.2984126984127,0.1811015873015873,0.8095238095238095,False,8187.869172413792,8618.809655172414,7844.152508305647,-0.041978768452502924,0.050000000000000176
563,SaigonFlex UC-28,Streetwear,Everyday,XL,blue,1716,394,14995082.97,-402310.5007426728,727398.17,15722481.14,5343208.23,694,49.0,372001.98,17.0,2021-08-15,2022-11-25,4.0,50.0,-0.0268294948115697,0.0462648460839559,0.356330687912159,0.4044289044289044,0.0285547785547785,0.0248082641986208,62.92777777777778,0.4053555555555556,0.1666666666666666,False,8972.84001791531,9445.094755700327,8738.393339160839,-0.026128480869643478,0.05000000000000006
388,LotusWear UC-02,Streetwear,Everyday,S,pink,388,93,4293833.79,-394885.1256818184,271126.74,4564960.53,2170041.54,221,16.0,141752.19,6.0,2021-05-06,2022-11-21,3.9375,16.0,-0.0919656290845432,0.0593930085962868,0.505385547305966,0.5695876288659794,0.0412371134020618,0.0330129662517747,210.77142857142857,0.1941857142857142,0.7142857142857143,False,12084.327102272728,12720.344318181818,11066.581932989691,-0.08422025990107684,0.04999999999999999
555,SaigonFlex UC-20,Streetwear,Everyday,XL,purple,1178,265,11385502.5,-387965.545027684,537828.82,11923331.32,3959804.91,472,32.0,306004.63,12.0,2021-09-19,2022-09-25,3.930232558139535,43.0,-0.0340753993974077,0.0451072611810974,0.347793600677704,0.400679117147708,0.0271646859083191,0.0268766907740787,158.3470588235294,0.1859117647058823,0.8823529411764706,False,9994.455046712805,10520.478996539792,9665.11247877759,-0.03295252881681987,0.0499999999999998
1141,MekongFit UM-18,Streetwear,Balanced,M,black,706,160,6665750.97,-381862.8585652167,321838.21,6987589.18,2454819.16,306,17.0,158760.7,9.0,2021-05-13,2022-10-19,3.40625,32.0,-0.0572872974528804,0.0460585477636794,0.3682734580166892,0.43342776203966,0.0240793201133144,0.02381737642383,107.14166666666668,0.3092499999999999,0.4166666666666667,False,9982.455847826086,10507.848260869563,9441.573611898017,-0.05418328357003044,0.0499999999999999
640,SaigonFlex UC-05,Streetwear,Everyday,S,red,971,212,8661796.2,-338864.92130769254,529121.38,9190917.58,3892913.04,481,26.0,214250.56,11.0,2021-10-15,2022-12-10,4.344827586206897,29.0,-0.0391217841523092,0.0575700277360119,0.4494348458579527,0.4953656024716786,0.0267765190525231,0.0247351190276215,71.97222222222223,0.3542055555555555,0.2222222222222222,False,9269.475923076923,9757.343076923078,8920.490422245108,-0.037648892313641436,0.0500000000000001
1682,VietMode UE-12,Streetwear,Performance,L,orange,417,92,3221373.48,-312934.2060000004,170268.97999999998,3391642.46,1442900.32,218,19.0,121939.65,7.0,2017-09-13,2020-06-14,3.8333333333333335,12.0,-0.097143099967409,0.0502025145657599,0.4479146329844374,0.5227817745803357,0.0455635491606714,0.037853310321534,223.04358974358976,0.179325641025641,0.7435897435897436,False,8475.558,8921.640000000001,7725.116258992805,-0.08854186839464673,0.05000000000000003
2207,VietMotion RP-04,Outdoor,Activewear,XL,silver,6506,1448,7456565.7,-296959.07225613564,576465.17,8033030.87,3400317.05,3270,171.0,184708.37,66.0,2017-12-13,2022-12-30,3.957943925233645,214.0,-0.0398251801437403,0.0717618517006894,0.4560165077067583,0.5026129726406394,0.0262834306793728,0.0247712388559789,358.409375,0.163125,0.78125,False,1191.7498881426584,1254.4735664659563,1146.1060098370735,-0.03829988050321598,0.05000000000000008
106,DragonWear UM-33,Streetwear,Balanced,L,green,633,148,6708736.02,-282733.66342021327,318746.17,7027482.19,2143837.43,240,17.0,184228.5,8.0,2016-09-14,2022-06-25,3.75,24.0,-0.0421441032375295,0.0453570939608457,0.3195590679986243,0.3791469194312796,0.0268562401263823,0.0274609851171338,256.75714285714287,0.2043696428571428,0.625,False,11044.97580319149,11626.290319148937,10598.31914691943,-0.04043980396435065,0.05000000000000001
497,SaigonFlex UM-02,Streetwear,Balanced,M,silver,870,197,14575715.24,-266514.7985135099,744120.84,15319836.08,5285780.35,352,29.0,425032.04,10.0,2016-10-09,2017-08-17,3.675675675675676,37.0,-0.0182848521753578,0.0485723761086091,0.3626429484224748,0.4045977011494253,0.0333333333333333,0.0291602870254756,277.5176470588235,0.3409529411764705,0.2941176470588235,False,17060.034527027023,17957.93108108108,16753.69567816092,-0.01795651986405966,0.0500000000000001
670,SaigonFlex UC-35,Streetwear,Everyday,L,red,2409,548,24680978.54,-263962.771797874,972638.57,25653617.11,7120922.82,802,64.0,616837.21,27.0,2012-10-01,2016-05-17,3.820224719101124,89.0,-0.0106949881006571,0.0379142857644373,0.2885186585474824,0.3329182233291822,0.0265670402656704,0.0249924130439278,448.44406779661017,0.2356254237288135,0.5932203389830508,False,10354.894691489362,10899.88914893617,10245.321104192612,-0.0105818157075811,0.04999999999999997
165,DragonWear UR-36,Streetwear,Standard,M,purple,821,181,6219971.34,-260855.1957692317,318665.55,6538636.89,2337553.96,354,19.0,134548.45,10.0,2016-10-05,2020-02-02,4.333333333333333,36.0,-0.0419383276079905,0.0487357770986423,0.3758142654078532,0.4311814859926918,0.0231425091352009,0.0216316832739618,178.51617647058825,0.2323323529411765,0.6764705882352942,False,7893.820384615386,8309.284615384617,7576.091766138855,-0.040250297447325556,0.05000000000000003
601,SaigonFlex UC-66,Streetwear,Everyday,M,black,709,163,10354398.68,-257041.852305824,481826.56,10836225.24,3440331.95,271,27.0,377230.86,12.0,2016-10-14,2017-08-20,3.903225806451613,31.0,-0.0248244113685048,0.0444644282790858,0.3322580148130823,0.382228490832158,0.0380818053596615,0.0364319427576841,203.2888888888889,0.3707222222222222,0.2777777777777778,False,14966.770849514562,15754.49563106796,14604.229449929479,-0.024223087480279126,0.05000000000000007
2363,VietMotion UC-11,Streetwear,Everyday,XL,blue,777,180,8450248.6,-237008.88406249965,493444.35,8943692.95,2956686.1,311,26.0,260638.73,7.0,2019-01-03,2021-10-02,3.814814814814815,27.0,-0.0280475634838127,0.055172326773584,0.3498933865685324,0.4002574002574002,0.0334620334620334,0.0308439126867817,333.995652173913,0.1610369565217391,0.8478260869565217,False,11180.5115625,11768.959539473684,10875.480823680824,-0.027282359766279796,0.050000000000000024
408,SaigonFlex UM-13,Streetwear,Balanced,S,pink,289,71,4291990.91,-206803.9700116279,371366.9,4663357.81,2072586.3,154,3.0,40572.49,1.0,2022-10-16,2022-10-16,4.0,7.0,-0.0481836924513961,0.0796350859467933,0.4828962463948927,0.532871972318339,0.0103806228373702,0.0094530698808027,59.075,0.3512,0.25,False,15566.764290697674,16386.067674418606,14851.179619377162,-0.04596874841537413,0.050000000000000065
335,LotusWear UE-56,Streetwear,Performance,XL,purple,366,82,3421664.76,-191581.48499999987,216508.4,3638173.16,1649012.72,195,8.0,65642.12,4.0,2019-07-26,2021-05-08,3.928571428571429,14.0,-0.0559907233577142,0.0595101965954803,0.4819328705948388,0.5327868852459017,0.0218579234972677,0.0191842639779824,103.33870967741936,0.2912290322580645,0.3870967741935484,False,9872.2575,10391.85,9348.810819672131,-0.0530219841133468,0.05000000000000006
908,HanoiStreet UE-17,Streetwear,Performance,S,pink,3624,776,8733799.0,-186072.05227664916,406133.97,9139932.97,2981786.11,1409,118.0,256257.66,39.0,2021-05-16,2022-12-20,4.027272727272727,110.0,-0.0213048241981123,0.0444351147139758,0.3414076863916836,0.3887969094922737,0.032560706401766,0.0293409156771297,95.93809523809524,0.3177666666666666,0.3809523809523809,False,2461.3330718202674,2601.282045889101,2409.9886865342164,-0.020860397105085582,0.05380000000000001
956,HanoiStreet UC-19,Streetwear,Everyday,S,green,636,139,5807696.91,-181876.65599999973,250106.36,6057803.27,1973171.34,248,5.0,39126.73,3.0,2015-08-11,2018-09-20,3.966666666666667,30.0,-0.0313164854878764,0.0412866428394265,0.3397510873204297,0.389937106918239,0.0078616352201257,0.0067370475089065,159.48852459016393,0.2363147540983606,0.5245901639344263,False,9417.5685,9913.23,9131.59891509434,-0.030365543389003102,0.05000000000000002
321,LotusWear UE-42,Streetwear,Performance,M,black,486,105,5005824.43,-181606.92369565257,268515.47000000003,5274339.9,1947663.45,214,2.0,19800.48,1.0,2013-10-16,2013-10-16,3.75,12.0,-0.0362791236958449,0.0509097773543187,0.3890794567879002,0.4403292181069959,0.0041152263374485,0.0039554883070479,224.28,0.155962,0.84,False,10673.727065217392,11235.502173913044,10300.05026748971,-0.03500902687922258,0.05000000000000001
2341,VietMotion UE-15,Streetwear,Performance,M,black,853,192,4247592.7,-174897.2629104479,232013.6,4479606.3,1719419.9,391,23.0,107797.58,12.0,2021-03-30,2022-12-09,3.869565217391304,23.0,-0.041175619995403,0.0517933015675953,0.4047986757299022,0.4583821805392731,0.0269636576787807,0.0253785114566187,112.75,0.3049624999999999,0.375,False,5184.630671641791,5457.505970149254,4979.592848769051,-0.03954723795355941,0.04999999999999997
586,SaigonFlex UC-51,Streetwear,Everyday,L,green,2785,640,11875189.4,-170080.30425063023,483402.46,12358591.86,3368631.34,911,104.0,404568.18,38.0,2015-09-06,2017-10-17,4.106796116504855,103.0,-0.0143223235033733,0.0391146876178173,0.2836696937229481,0.3271095152603231,0.037342908438061,0.0340683559960736,1552.3416666666665,0.166325,0.6666666666666666,False,4325.051958438287,4552.686272040302,4263.98183123878,-0.014120090992284617,0.04999999999999998
1889,BambooCraft UC-08,Streetwear,Everyday,M,yellow,1841,415,14265779.89,-166270.29661538187,601256.96,14867036.85,4344819.86,640,46.0,339528.14,21.0,2014-10-13,2022-10-16,3.971014492753623,69.0,-0.0116551844972691,0.0404422862515471,0.3045623788886315,0.3476371537208039,0.0249864204236827,0.0238001807554876,349.20989010989007,0.1889461538461538,0.7252747252747253,False,7839.245076923075,8251.836923076922,7748.929869636067,-0.011520906209817938,0.05000000000000008
2116,PhoenixWear UM-07,Streetwear,Balanced,S,green,520,116,3247162.79,-157702.05896551715,177838.47,3425001.26,1329356.96,242,15.0,86447.65,6.0,2017-08-24,2019-12-18,4.291666666666667,24.0,-0.0485661080655328,0.0519236217740836,0.4093903034655062,0.4653846153846154,0.0288461538461538,0.026622518053676,215.2860465116279,0.2087302325581395,0.6744186046511628,False,6547.817017241379,6892.438965517242,6244.543826923077,-0.04631668684688939,0.05000000000000005
949,HanoiStreet UC-12,Streetwear,Everyday,M,yellow,219,48,3059817.4,-151303.2785,178997.87,3238815.27,1278686.66,104,25.0,330026.79000000004,6.0,2014-01-14,2017-08-09,2.833333333333333,6.0,-0.0494484665980394,0.055266464765062,0.4178963947325745,0.4748858447488584,0.1141552511415525,0.1078583284087475,208.1060606060606,0.1539333333333333,0.8787878787878788,False,14662.6515,15434.37,13971.76894977169,-0.0471185276570415,0.05000000000000005
1127,MekongFit UM-04,Streetwear,Balanced,XL,silver,448,97,3841777.56,-141629.69804651203,151484.1,3993261.66,1173278.58,163,13.0,102875.42,5.0,2018-06-11,2021-04-09,4.285714285714286,21.0,-0.0368656685179118,0.0379349296134027,0.3053999253408102,0.3638392857142857,0.0290178571428571,0.0267780782185629,295.7923076923077,0.1548230769230769,0.7692307692307693,False,8891.534058139536,9359.509534883722,8575.396339285715,-0.035554912885299106,0.05000000000000003
1326,VietMode RP-18,Outdoor,Activewear,L,green,1475,323,6561947.15,-137976.90943396126,413690.47,6975637.62,2673908.21,660,39.0,160470.8,16.0,2014-09-11,2018-02-10,3.933333333333333,45.0,-0.021026824245904,0.0593050402753003,0.4074870078769226,0.447457627118644,0.0264406779661016,0.0244547534949287,649.8586956521739,0.1693260869565217,0.717391304347826,False,4542.321396226414,4781.390943396226,4448.777728813559,-0.020593801990886784,0.05000000000000011
1177,MekongFit UE-13,Streetwear,Performance,M,silver,579,128,1619392.83,-137061.1535638868,181501.41,1800894.24,932164.96,362,16.0,39531.52,10.0,2022-10-08,2022-12-31,3.5625,16.0,-0.0846373721216777,0.1007840471520415,0.5756262117080017,0.6252158894645942,0.0276338514680483,0.0244113221126216,36.25,0.5323249999999999,0.0,False,3033.599280766644,3193.262400806994,2796.8788082901556,-0.07803287467046893,0.050000000000000065
444,SaigonFlex UM-49,Streetwear,Balanced,S,white,70,17,745780.6,-134583.47374999995,149156.13,894936.7300000001,745780.6,70,0.0,0.0,0.0,,,4.5,2.0,-0.1804598748613197,0.1666666759783119,1.0,1.0,0.0,0.0,85.85,0.26125,0.5,False,12576.629625,13238.5575,10654.00857142857,-0.15287251918030698,0.050000000000000086
2036,UrbanVN UR-39,Streetwear,Standard,S,green,879,187,1977023.91,-128346.4010373144,121977.84,2099001.75,891767.15,448,45.0,94152.22,11.0,2019-08-24,2022-08-21,4.2,25.0,-0.0649189928296387,0.0581123098158446,0.4510654350154015,0.5096700796359499,0.0511945392491467,0.0476232075513947,160.77142857142857,0.2592404761904762,0.5,False,2395.18806716418,2521.250597014925,2249.1739590443685,-0.06096143769315254,0.04999999999999942
86,DragonWear UM-13,Streetwear,Balanced,L,green,226,49,2919909.48,-123463.02,67008.92,2986918.4,599012.73,62,0.0,0.0,0.0,,,3.375,8.0,-0.0422831669425587,0.0224341314446353,0.2051477054692805,0.2743362831858407,0.0,0.0,123.01578947368422,0.2545263157894737,0.5263157894736842,False,13466.25,14175.0,12919.953451327434,-0.04056783058925584,0.05
183,DragonWear UE-11,Streetwear,Performance,XL,blue,1621,375,14043038.58,-111328.73976593083,634329.8099999999,14677368.39,4447231.03,577,46.0,359597.67,19.0,2020-03-08,2022-09-28,3.868852459016393,61.0,-0.0079276816859625,0.043218225034958,0.3166858087489496,0.3559531153608883,0.0283775447254781,0.0256068277496678,119.45833333333331,0.2964666666666666,0.3888888888888889,False,8731.873732119637,9191.446033810143,8663.19468229488,-0.007865327870251515,0.04999999999999995
968,HanoiStreet UC-31,Streetwear,Everyday,S,pink,330,81,2510470.06,-108784.3417796614,167994.56,2678464.62,1227867.01,176,9.0,68612.63,5.0,2014-04-29,2018-06-15,4.545454545454546,11.0,-0.0433322601663137,0.0627204700579543,0.4890984479615741,0.5333333333333333,0.0272727272727272,0.0273305908296711,109.06071428571428,0.2687017857142857,0.3928571428571428,False,7937.134550847459,8354.878474576273,7607.485030303031,-0.041532560451458034,0.0500000000000001
430,SaigonFlex UM-35,Streetwear,Balanced,L,red,379,83,3854732.68,-106195.19247500024,159106.19,4013838.87,1164402.06,133,10.0,84494.7,3.0,2017-05-11,2019-08-30,3.5,6.0,-0.0275493014148519,0.0396394063521538,0.3020707677192287,0.3509234828496042,0.0263852242744063,0.021919730112128,133.41,0.22513,0.6,False,10450.997025,11001.0495,10170.798627968337,-0.026810685751933128,0.04999999999999988
667,SaigonFlex UC-32,Streetwear,Everyday,XL,silver,432,101,3919437.8,-102237.66165853622,177347.51,4096785.31,1249162.89,160,11.0,85022.72,5.0,2022-01-15,2022-09-22,4.0,12.0,-0.0260847771735365,0.0432894322206989,0.3187097113774838,0.3703703703703703,0.0254629629629629,0.0216925805022342,142.5,0.2070529411764706,0.7058823529411765,False,9309.43393902439,9799.404146341463,9072.772685185184,-0.02542165886661929,0.050000000000000065
483,SaigonFlex UM-88,Streetwear,Balanced,XL,blue,58,13,979712.01,-96667.13968656708,127197.19,1106909.2,645013.45,41,0.0,0.0,0.0,,,3.0,1.0,-0.0986689340335504,0.1149120361453315,0.6583704633772939,0.7068965517241379,0.0,0.0,81.75,0.306475,0.25,False,18558.261201492536,19535.011791044777,16891.586379310345,-0.08980770364672686,0.0500000000000001
2178,PhoenixWear UC-08,Streetwear,Everyday,L,pink,118,31,1063737.04,-94409.53699999992,49253.96000000001,1112991.0,397373.58,54,6.0,47843.03,1.0,2018-04-09,2018-04-09,3.6666666666666665,6.0,-0.0887527024536063,0.0442536911798927,0.3735637333828293,0.4576271186440678,0.0508474576271186,0.044976369347823,129.60526315789474,0.2259157894736842,0.5263157894736842,False,9814.8015,10331.37,9014.720677966103,-0.08151777924738435,0.050000000000000114
899,HanoiStreet UE-08,Streetwear,Performance,XL,yellow,271,60,1752424.3,-93812.6208783782,84371.29,1836795.59,559302.36,105,4.0,26074.81,1.0,2022-03-14,2022-03-14,3.1,10.0,-0.0535330518290451,0.0459339571911755,0.3191592127545823,0.3874538745387454,0.014760147601476,0.0148792789508796,117.68823529411765,0.2720117647058823,0.5294117647058824,False,6812.682364864864,7171.244594594595,6466.510332103321,-0.05081288312322629,0.0500000000000001
2183,PhoenixWear UC-13,Streetwear,Everyday,XL,blue,426,98,3421633.37,-93531.32070454508,134596.68,3556230.05,1073544.95,156,1.0,6112.67,1.0,2021-01-03,2021-01-03,4.454545454545454,11.0,-0.0273352842313859,0.0378481363993873,0.3137521861379321,0.3661971830985915,0.0023474178403755,0.0017864771993382,202.86666666666667,0.1614545454545454,0.8484848484848485,False,8251.56030681818,8685.852954545455,8032.003215962442,-0.02660794839908298,0.05000000000000015
2134,PhoenixWear UR-10,Streetwear,Standard,L,white,586,147,3246169.34,-89089.44206834078,165006.08,3411175.42,1187343.88,250,25.0,125197.89,14.0,2019-05-11,2022-09-02,3.6206896551724137,29.0,-0.0274444838630447,0.0483722059652974,0.3657676959021491,0.4266211604095563,0.0426621160409556,0.0385678862951739,114.11489361702128,0.2894212765957447,0.3191489361702128,False,5691.567887488636,6133.816022727272,5539.538122866894,-0.02671140318925802,0.07209999999999991
1104,MekongFit RP-50,Outdoor,Activewear,S,white,1955,433,3242219.54,-87276.91299780355,215734.36,3457953.9,1377514.67,914,74.0,113009.96,27.0,2018-01-08,2022-11-28,4.180722891566265,83.0,-0.0269188782317324,0.0623878646849514,0.4248677959667098,0.4675191815856777,0.037851662404092,0.034855739596215,308.18524590163935,0.1504459016393442,0.8032786885245902,False,1703.0672393850657,1792.7023572474377,1658.42431713555,-0.02621324702695549,0.050000000000000065
2034,UrbanVN UR-37,Streetwear,Standard,L,white,379,79,1729355.49,-85069.67849999997,99343.56,1828699.05,702902.38,175,12.0,54329.32,4.0,2014-06-24,2014-12-22,4.076923076923077,13.0,-0.0491915508360863,0.0543247178916618,0.406453377610638,0.4617414248021108,0.0316622691292876,0.0314159351932898,222.91666666666663,0.1844966666666666,0.6666666666666666,False,4787.4015,5039.37,4562.943245382586,-0.04688519536483715,0.04999999999999999
520,SaigonFlex UE-08,Streetwear,Performance,S,red,394,93,2672720.56,-85065.69500000021,153189.66,2825910.22,979493.35,164,11.0,70142.18,5.0,2019-10-31,2019-12-29,3.6666666666666665,12.0,-0.0318273807868639,0.0542089620950519,0.3664780241747382,0.416243654822335,0.0279187817258883,0.0262437387019614,144.2608695652174,0.3109434782608695,0.3478260869565217,False,6999.4575,7367.85,6783.5547208121825,-0.03084564470715312,0.04999999999999999
177,DragonWear UE-05,Streetwear,Performance,M,silver,178,40,1429156.06,-78793.95272999982,143298.48,1572454.54,947141.95,127,3.0,21643.88,2.0,2015-10-19,2017-01-09,4.125,8.0,-0.0551332040882923,0.0911304437456106,0.6627281488069259,0.7134831460674157,0.0168539325842696,0.0151445182270717,155.00714285714284,0.2533857142857142,0.5714285714285714,False,8471.629284999999,9443.35,8028.966629213483,-0.052252363848156236,0.10290000000000013
1454,VietMode RP-46,Outdoor,Activewear,L,white,1746,378,8115810.14,-78375.85213217231,497641.91,8613452.05,3178368.95,757,83.0,367731.95,21.0,2014-11-22,2017-06-29,3.9649122807017534,57.0,-0.0096571815727779,0.0577749672385997,0.3916268240843791,0.4335624284077892,0.047537227949599,0.0453105658777769,395.02272727272725,0.2160181818181818,0.5681818181818182,False,4693.119124932516,4981.022208588956,4648.230320733104,-0.009564812442312998,0.0577999999999998
1763,SaigonCore UR-09,Streetwear,Standard,XL,blue,266,62,1373661.9,-77844.71647572791,90690.37,1464352.27,648997.27,140,9.0,22882.64,2.0,2019-09-09,2021-09-07,3.7,10.0,-0.0566694879400294,0.0619320718504434,0.4724577932896006,0.5263157894736842,0.0338345864661654,0.016658131087424,137.8846153846154,0.2087538461538461,0.717948717948718,False,5456.791791262135,5743.991359223301,5164.142481203007,-0.053630287035642876,0.05000000000000008
160,DragonWear UR-31,Streetwear,Standard,S,red,84,18,621294.86,-77513.73999999995,34163.28,655458.14,337895.65,52,8.0,64943.57,2.0,2013-08-04,2013-10-13,5.0,1.0,-0.1247615987037136,0.0521212231798662,0.5438571469913658,0.6190476190476191,0.0952380952380952,0.1045293856124932,148.125,0.1969583333333333,0.75,False,8319.15,8757.0,7396.367380952381,-0.11092270472916332,0.050000000000000044
1786,SaigonCore UE-21,Streetwear,Performance,L,green,462,100,3355565.99,-77381.37069148403,145312.42,3500878.41,1215198.54,192,10.0,52282.990000000005,4.0,2013-05-07,2021-09-18,4.0625,16.0,-0.0230606016755712,0.041507416991383,0.3621441341405418,0.4155844155844156,0.0216450216450216,0.0155809750592924,175.22881355932202,0.1846491525423728,0.711864406779661,False,7430.62199283871,7948.03935483871,7263.129848484849,-0.022540797326964235,0.06510000000000002
569,SaigonFlex UC-34,Streetwear,Everyday,M,yellow,219,52,2549444.82,-72322.78840909064,146043.53,2695488.35,890271.1599999999,87,10.0,111171.68,3.0,2016-12-01,2017-05-28,4.125,8.0,-0.0283680540334623,0.0541807312949432,0.3492019725298467,0.3972602739726027,0.045662100456621,0.0436062311009343,237.2263157894737,0.2064315789473684,0.5263157894736842,False,11971.54159090909,12601.622727272726,11641.300547945204,-0.027585506883646693,0.05000000000000003
1898,BambooCraft UC-17,Streetwear,Everyday,L,pink,321,64,3664563.53,-68645.62160344828,173404.15,3837967.68,1165265.88,118,6.0,59819.39,4.0,2017-09-06,2019-09-27,3.583333333333333,12.0,-0.0187322776754939,0.0451812429019725,0.3179821745374407,0.367601246105919,0.0186915887850467,0.0163237421074263,76.41304347826087,0.3136065217391304,0.3260869565217391,False,11629.935051724138,12242.036896551725,11416.085763239875,-0.01838783170612468,0.05000000000000001
1077,MekongFit RP-23,Outdoor,Activewear,M,silver,3361,746,13717926.32,-67952.54948164783,659641.03,14377567.35,4464471.21,1216,139.0,522876.66,50.0,2018-11-05,2022-06-30,4.0852713178294575,129.0,-0.0049535584239562,0.0458798775858281,0.325447965374405,0.3617970842011306,0.0413567390657542,0.0381163047389804,800.9254901960784,0.1713039215686274,0.7647058823529411,False,4101.719389908256,4317.599357798164,4081.501434096995,-0.0049291416328977045,0.050000000000000086
356,LotusWear UE-77,Streetwear,Performance,S,green,331,78,1558107.48,-67582.40979334967,73684.46,1631791.94,606456.83,148,20.0,92049.66,3.0,2015-05-01,2016-04-16,4.4,15.0,-0.0433746777169375,0.0451555484457166,0.3892265699154463,0.4471299093655589,0.0604229607250755,0.0590778628442243,89.44761904761906,0.3264285714285714,0.2857142857142857,False,4911.449818106797,5234.413106796117,4707.27335347432,-0.041571526167232586,0.06170000000000002
350,LotusWear UE-71,Streetwear,Performance,L,red,114,28,685323.0,-67335.90954545455,20429.41,705752.41,203725.37,45,0.0,0.0,0.0,,,4.333333333333333,6.0,-0.0982542677619962,0.0289469928979767,0.2972691271123251,0.3947368421052631,0.0,0.0,74.6590909090909,0.3123363636363636,0.0,False,6602.271136363636,6949.759090909091,6011.605263157895,-0.0894640436610522,0.05000000000000007
1523,VietMode RP-15,Outdoor,Activewear,XL,blue,964,218,3606394.52,-67130.67178839576,208633.39,3815027.91,1345945.09,398,29.0,107162.76,10.0,2016-01-20,2022-02-13,3.9642857142857135,28.0,-0.018614344996397,0.0546872512919571,0.3732107184989844,0.412863070539419,0.0300829875518672,0.0297146525167191,257.87439024390244,0.1885048780487805,0.7073170731707317,False,3810.710779863481,4011.274505119454,3741.073153526971,-0.018274183048603065,0.05
144,DragonWear UR-15,Streetwear,Standard,S,white,326,75,1727164.93,-65905.15999999976,69851.13,1797016.06,550255.13,122,7.0,33626.92,4.0,2012-10-23,2013-09-30,3.8181818181818175,11.0,-0.0381580003480036,0.0388706208891644,0.3185886422554909,0.3742331288343558,0.0214723926380368,0.0194694319088565,125.492,0.254584,0.4,False,5500.214999999999,5789.7,5298.051932515337,-0.03675548455554223,0.0500000000000001
1320,VietMode RP-12,Outdoor,Activewear,S,red,811,182,3387269.8,-65550.43362499941,201970.94,3589240.74,1313706.33,348,23.0,87590.56,12.0,2017-04-02,2022-12-18,3.606060606060606,33.0,-0.0193519965917682,0.056271215733498,0.3878363424135863,0.4290998766954377,0.0283600493218249,0.0258587491318229,161.41486486486488,0.2305162162162162,0.6081081081081081,False,4257.484874999999,4481.563026315789,4176.65819975339,-0.018984606550506822,0.0500000000000001
1899,BambooCraft UC-18,Streetwear,Everyday,XL,yellow,234,50,2478427.75,-62589.951746267965,96460.88,2574888.63,705637.14,78,14.0,145632.37,3.0,2016-07-13,2016-09-06,4.5,4.0,-0.0252538940246565,0.0374621561787703,0.2847116039594053,0.3333333333333333,0.0598290598290598,0.0587599820087553,166.05384615384614,0.2401692307692307,0.6153846153846154,False,10859.050007462683,11430.57895522388,10591.571581196582,-0.024631844045499562,0.050000000000000246
1272,VietMode MA-08,Casual,All-weather,S,orange,220,50,1253870.76,-62078.98610738244,107644.75,1361515.51,660824.5700000001,126,7.0,43386.34,2.0,2022-08-11,2022-08-18,3.5,4.0,-0.0495098762071638,0.0790624485798182,0.5270276579382074,0.5727272727272728,0.0318181818181818,0.0346019234071619,66.32857142857144,0.3495571428571428,0.1428571428571428,False,5981.589755033557,6296.410268456376,5699.412545454546,-0.047174283281724017,0.050000000000000065
371,LotusWear UE-92,Streetwear,Performance,XL,black,222,53,1931375.93,-60964.734999999935,89790.23,2021166.16,687113.4,89,6.0,51987.22,1.0,2021-06-11,2021-06-11,4.0,12.0,-0.0315654420524956,0.0444249620723909,0.3557636756920752,0.4009009009009009,0.027027027027027,0.0269171936920638,207.96153846153845,0.1593,0.8846153846153846,False,8974.5075,9446.85,8699.891576576576,-0.030599553615997754,0.050000000000000065
236,LotusWear UR-08,Streetwear,Standard,S,green,567,121,3314663.45,-56295.479800000045,166861.98,3481525.43,1195222.95,238,21.0,121991.58,6.0,2021-05-12,2022-10-10,3.6666666666666665,18.0,-0.0169837694381913,0.0479278360462815,0.3605865174637865,0.419753086419753,0.037037037037037,0.0368036097299712,98.53703703703704,0.3201592592592592,0.2592592592592592,False,5945.253844444444,6434.257407407407,5845.9672839506175,-0.016700138142395016,0.07599999999999998
1497,VietMode RP-89,Outdoor,Activewear,M,silver,505,100,2663970.03,-55910.227499999964,166839.93,2830809.96,1050555.58,220,31.0,157472.07,7.0,2021-05-15,2022-02-09,4.333333333333333,12.0,-0.020987558745171,0.0589371707594246,0.394357131712927,0.4356435643564356,0.0613861386138613,0.0591118023951643,131.85909090909092,0.30765,0.3181818181818182,False,5385.9015,5669.37,5275.188178217822,-0.02055613564083536,0.04999999999999999
562,SaigonFlex UC-27,Streetwear,Everyday,L,orange,594,138,6214794.33,-54438.06787709538,265819.37,6480613.7,1946017.22,211,22.0,217087.99,10.0,2017-08-15,2018-07-01,3.882352941176471,17.0,-0.0087594319275076,0.04101762306863,0.3131265680999615,0.3552188552188552,0.037037037037037,0.0349308405834244,218.66296296296292,0.2913777777777778,0.4444444444444444,False,10554.263296089386,11109.750837988828,10462.616717171717,-0.00868337053441015,0.05000000000000002
835,HanoiStreet UM-19,Streetwear,Balanced,XL,purple,430,97,2518939.76,-54352.88499999997,134914.16,2653853.92,970441.35,184,13.0,76793.47,6.0,2020-08-16,2021-07-14,3.7777777777777777,18.0,-0.0215776835409513,0.0508370709417193,0.385257863411549,0.427906976744186,0.0302325581395348,0.0304864257651004,123.6029411764706,0.27775,0.4117647058823529,False,5984.4015,6299.37,5857.999441860465,-0.02112192140509539,0.049999999999999996
1800,SaigonCore UC-06,Streetwear,Everyday,S,red,197,45,1374233.23,-54297.69199999969,56637.17,1430870.4,429693.69,73,13.0,94201.33,3.0,2013-06-23,2014-08-19,3.6666666666666665,3.0,-0.0395112640377643,0.0395823199641281,0.3126788674728816,0.3705583756345177,0.065989847715736,0.068548284194816,155.40322580645162,0.2003064516129032,0.6451612903225806,False,7251.425999999999,7633.08,6975.803197969543,-0.038009462143095085,0.050000000000000176
1481,VietMode RP-73,Outdoor,Activewear,M,black,425,99,1985348.15,-54169.81104651151,143045.33000000002,2128393.48,941522.67,219,5.0,20475.14,2.0,2017-09-24,2018-12-27,4.2105263157894735,19.0,-0.0272847918620779,0.0672081226258971,0.4742355490647824,0.5152941176470588,0.0117647058823529,0.010313123166836,142.39122807017543,0.2213035087719298,0.6491228070175439,False,4798.865790697674,5051.437674418605,4671.407411764706,-0.026560104927301542,0.05000000000000007
1762,SaigonCore UR-08,Streetwear,Standard,L,orange,109,23,517754.58,-52878.405,24183.86,541938.44,175964.13999999998,47,8.0,30040.2,4.0,2019-03-05,2021-10-24,4.0,4.0,-0.1021302505909266,0.0446247363445929,0.3398601321884975,0.4311926605504587,0.073394495412844,0.0580201531003356,155.0,0.1766166666666666,0.75,False,5235.165,5510.7,4750.042018348624,-0.09266622573526828,0.049999999999999975
1514,VietMode RP-06,Outdoor,Activewear,L,white,363,71,1623751.19,-48307.070551723926,109802.35,1733553.54,678504.13,168,7.0,30014.63,3.0,2016-02-13,2016-10-13,3.888888888888889,9.0,-0.029750291084759,0.0633394628238594,0.4178621294805641,0.4628099173553719,0.0192837465564738,0.0184847470381222,104.15172413793104,0.3218586206896551,0.3793103448275862,False,4606.221103448275,4848.653793103448,4473.143774104683,-0.028890781913175845,0.0500000000000001
2085,UrbanVN UC-20,Streetwear,Everyday,M,purple,374,83,2798682.52,-43848.94099999996,156153.71,2954836.23,1176172.84,171,20.0,132760.16999999998,5.0,2018-02-06,2021-04-15,4.0,9.0,-0.015667708175774,0.052846823933792,0.420259472660729,0.4572192513368984,0.053475935828877,0.0474366667356038,269.2529411764706,0.1861617647058823,0.6470588235294118,False,7600.3515,8000.37,7483.10834224599,-0.015426017830097782,0.05000000000000002
1529,VietMode RP-21,Outdoor,Activewear,M,yellow,1276,277,5617141.49,-42428.74918904042,286643.3,5903784.79,1911854.54,484,47.0,198867.76,15.0,2016-02-24,2022-11-19,4.25,44.0,-0.0075534414193722,0.0485524642574242,0.3403607588314461,0.3793103448275862,0.036833855799373,0.035403729878273,195.0962025316456,0.2190810126582278,0.620253164556962,False,4435.399873972602,4668.84197260274,4402.148503134797,-0.0074968146689384785,0.05000000000000011
1605,VietMode RS-43,Outdoor,Premium,M,purple,378,87,1796022.96,-42121.34946596837,114901.93,1910924.89,751295.48,173,3.0,13576.91,2.0,2021-04-16,2022-12-05,4.15,20.0,-0.0234525673691656,0.0601289619499382,0.4183106211515247,0.4576719576719577,0.0079365079365079,0.007559430086573,84.38157894736842,0.3237973684210526,0.2894736842105263,False,4862.815633507853,5118.753298429319,4751.383492063492,-0.022915148309659017,0.050000000000000086
2153,PhoenixWear UE-06,Streetwear,Performance,M,blue,721,155,4582328.26,-41790.79226923027,129709.05,4712037.31,961860.74,184,20.0,115012.7,6.0,2012-08-19,2018-06-16,4.428571428571429,21.0,-0.0091199909517678,0.0275271695588505,0.2099065552322521,0.2552011095700416,0.0277392510402219,0.0250991839681079,237.5127272727273,0.1912381818181818,0.6545454545454545,False,6413.479961538461,6751.031538461538,6355.5176976421635,-0.00903756840964598,0.05000000000000001
652,SaigonFlex UC-17,Streetwear,Everyday,S,orange,275,60,2561173.69,-41041.310000000056,105920.22,2667093.91,808678.16,98,2.0,16570.05,2.0,2016-03-19,2016-04-26,4.111111111111111,9.0,-0.0160244149626572,0.0397137197167534,0.3157451457343371,0.3563636363636364,0.0072727272727272,0.0064697095963062,222.07142857142856,0.1981095238095238,0.6190476190476191,False,9462.6,9960.631578947368,9313.358872727273,-0.015771682970085132,0.049999999999999954
180,DragonWear UE-08,Streetwear,Performance,S,red,565,122,5105833.37,-39128.151836607256,205959.52,5311792.89,1531574.65,198,12.0,99393.93,5.0,2019-05-13,2022-10-08,4.0,25.0,-0.007663421228454,0.0387740117630979,0.299965654774198,0.3504424778761062,0.0212389380530973,0.0194667398634671,187.07142857142856,0.2073595238095238,0.7619047619047619,False,9106.126587321429,9746.469642857142,9036.873221238939,-0.0076051398383713,0.06569999999999993
2061,UrbanVN UE-21,Streetwear,Performance,M,black,938,206,3863837.03,-34828.16673384011,167856.92,4031693.95,1209908.72,331,39.0,148130.5,16.0,2018-04-13,2021-06-14,3.897435897435898,39.0,-0.0090138808814718,0.0416343408209345,0.313136581746565,0.3528784648187633,0.0415778251599147,0.0383376676733179,332.3627906976744,0.1711209302325581,0.7674418604651163,False,4156.359484790874,4375.115247148289,4119.229243070362,-0.008933356668589632,0.050000000000000086
1608,VietMode RS-46,Outdoor,Premium,S,pink,72,13,343289.32,-32657.392494382028,44937.95,388227.27,294825.79,63,0.0,0.0,0.0,,,,,-0.0951308141318874,0.1157516575278186,0.8588259896928923,0.875,0.0,0.0,64.8,0.36778,0.2,False,5221.482117977528,5496.296966292135,4767.907222222222,-0.08686707825612394,0.05000000000000003
1744,SaigonCore RP-13,Outdoor,Activewear,S,white,105,23,491314.6,-29131.816120689637,45273.44,536588.04,260440.23,61,0.0,0.0,0.0,,,4.6,5.0,-0.0592936096763451,0.084372808607512,0.5300885216926181,0.580952380952381,0.0,0.0,75.94736842105263,0.306578947368421,0.0,False,4956.632534482758,5217.507931034483,4679.1866666666665,-0.05597466947285901,0.05000000000000005
173,DragonWear UE-01,Streetwear,Performance,M,blue,60,13,617838.96,-28375.08183552626,123567.78,741406.74,617838.96,60,5.0,50549.36,2.0,2022-12-21,2022-12-26,4.0,1.0,-0.0459263395036244,0.1666666531787936,1.0,1.0,0.0833333333333333,0.081816400830404,97.1,0.2361,1.0,False,10770.234030592104,12869.200657894737,10297.315999999999,-0.043909726497011525,0.16310000000000005
1576,VietMode RS-14,Outdoor,Premium,S,green,774,175,1961920.61,-28100.466067073,113681.47,2075602.08,699096.64,309,37.0,87442.25,14.0,2014-03-01,2019-09-16,4.041666666666667,24.0,-0.0143229373930033,0.0547703584879814,0.3563327875942951,0.3992248062015504,0.0478036175710594,0.0445697188532006,325.09833333333336,0.18432,0.75,False,2571.0866615853656,2706.4070121951218,2534.781149870801,-0.014120687667594223,0.05000000000000002
401,SaigonFlex UM-06,Streetwear,Balanced,M,black,227,50,2426930.35,-28050.81500000009,53002.83,2479933.18,442361.81,53,3.0,26354.97,3.0,2012-12-06,2013-08-16,2.857142857142857,7.0,-0.0115581458693283,0.0213726847269328,0.1822721488484414,0.2334801762114537,0.013215859030837,0.0108593845719552,160.28,0.1962733333333333,0.7333333333333333,False,10814.895,11384.1,10691.323127753305,-0.01142608155203495,0.04999999999999999
2197,VietMotion MA-11,Casual,All-weather,M,silver,2361,532,6662016.03,-28015.18241841149,323977.06,6985993.09,2168631.68,855,65.0,172960.1,29.0,2018-04-05,2022-12-30,3.9146341463414633,82.0,-0.0042052108989613,0.0463752333886147,0.3255218345669456,0.3621346886912325,0.0275307073274036,0.0259621260623115,354.98870967741937,0.1629467741935484,0.8387096774193549,False,2833.5583280044098,2982.692976846747,2821.6925158831004,-0.004187601152952469,0.05
1741,SaigonCore RP-10,Outdoor,Activewear,M,black,227,52,1140096.14,-27593.619249999945,75926.62,1216022.76,430824.29,96,1.0,4014.19,1.0,2017-07-30,2017-07-30,3.8333333333333335,6.0,-0.0242028880564405,0.0624384859375493,0.3778841756275045,0.4229074889867841,0.0044052863436123,0.0035209223671259,197.3685714285714,0.1630428571428571,0.8285714285714286,False,5144.00775,5414.745,5022.449955947136,-0.023630950799571337,0.050000000000000024
1176,MekongFit UE-12,Streetwear,Performance,S,green,31,8,192691.09,-25402.892644213916,31192.73,223883.82,155963.65,26,0.0,0.0,0.0,,,5.0,1.0,-0.1318322120873046,0.1393255216031243,0.8093973104828044,0.8387096774193549,0.0,0.0,51.0,0.4014,0.0,False,7035.289762716578,7474.808502673796,6215.841612903226,-0.11647681580309688,0.05879999999999993
1299,VietMode MA-35,Casual,All-weather,XL,yellow,250,61,1520000.18,-24737.77905172413,79759.56999999999,1599759.75,499577.95,92,10.0,57667.5,5.0,2020-04-20,2022-10-27,4.0,7.0,-0.016274852712007,0.0498572176228336,0.3286696650259607,0.368,0.04,0.0379391402440491,77.86944444444445,0.3292611111111111,0.1666666666666666,False,6178.951836206897,6504.159827586207,6080.00072,-0.016014223581914178,0.05000000000000002
387,LotusWear UC-01,Streetwear,Everyday,XL,silver,25,8,259579.06,-24633.627499999988,29295.18,288874.24,162785.63,17,0.0,0.0,0.0,,,4.5,2.0,-0.0948983616012785,0.1014115346525879,0.6271138742855452,0.68,0.0,0.0,120.0,0.22382,0.4,False,11368.5075,11966.85,10383.1624,-0.08667321545946116,0.05000000000000005
1034,MekongStyle UC-06,Streetwear,Everyday,L,white,422,88,4339748.88,-24187.935000000165,73600.83,4413349.71,631324.32,81,15.0,105309.77,4.0,2013-01-14,2013-09-18,4.2631578947368425,19.0,-0.0055735794095072,0.0166768633433311,0.1454748506093283,0.1919431279620853,0.0355450236966824,0.0242663280553689,156.8642857142857,0.1788285714285714,0.9285714285714286,False,10341.0825,10885.35,10283.765118483412,-0.005542686804460573,0.04999999999999999
55,DragonWear RP-10,Outdoor,Activewear,XL,purple,101,24,446632.32,-22581.02669999989,37294.59,483926.91,223897.72,55,0.0,0.0,0.0,,,4.75,4.0,-0.0505584251045689,0.0770665760248794,0.5013021001256693,0.5445544554455446,0.0,0.0,83.5,0.2875,0.15,False,4645.676699999999,4890.186,4422.102178217822,-0.048125286415685586,0.05000000000000013
863,HanoiStreet UR-09,Streetwear,Standard,XL,blue,309,63,1050970.57,-21476.193500000063,37632.13,1088602.7,273542.42,96,17.0,37702.0,5.0,2013-06-08,2015-07-19,4.0,8.0,-0.0204346288212428,0.0345692050919954,0.2602760037324356,0.3106796116504854,0.0550161812297734,0.0358735069051457,218.64,0.2204799999999999,0.5666666666666667,False,3470.7015,3653.37,3401.1992556634304,-0.020025416860703693,0.04999999999999994
2378,VietMotion UC-26,Streetwear,Everyday,L,pink,15,3,117629.31,-21342.39000000002,22101.88,139731.19,117629.31,15,0.0,0.0,0.0,,,,,-0.1814376875967394,0.1581742773392254,1.0,1.0,0.0,0.0,135.0,0.19645,0.5,False,9264.78,9752.4,7841.954,-0.1535736412521399,0.0499999999999999
1868,BambooCraft UM-06,Streetwear,Balanced,S,pink,509,111,6868419.95,-20964.71613404836,320978.59,7189398.54,2270384.61,186,22.0,269829.53,8.0,2021-11-02,2022-09-17,4.05,20.0,-0.0030523346397956,0.0446460977527057,0.3305541342153955,0.3654223968565815,0.043222003929273,0.0392855317473708,103.7,0.29261875,0.1875,False,13535.136868632708,14247.512493297589,13493.948821218075,-0.0030430462443334916,0.0500000000000001
191,DragonWear UC-03,Streetwear,Everyday,XL,black,41,9,349724.3,-20495.023600000022,7457.6,357181.9,88645.19,13,0.0,0.0,0.0,,,3.0,1.0,-0.0586033729998173,0.0208789975079924,0.2534716346562135,0.3170731707317073,0.0,0.0,76.28571428571429,0.3222285714285714,0.1428571428571428,False,9029.7396,9513.0,8529.860975609756,-0.055359140632388226,0.050799999999999915
1207,MekongFit UC-09,Streetwear,Everyday,XL,silver,64,18,487434.74,-18655.386769230783,33687.38,521122.12,237864.63,34,3.0,19763.38,1.0,2020-04-19,2020-04-19,4.0,2.0,-0.0382725834626206,0.0646439264562402,0.4879927721196072,0.53125,0.046875,0.0405456943836214,80.71428571428571,0.2833333333333333,0.0,False,7907.658230769231,8323.85076923077,7616.1678125,-0.03686178761937664,0.05000000000000014
1549,VietMode RP-41,Outdoor,Activewear,M,yellow,144,37,671015.95,-18283.68199999999,43212.490000000005,714228.44,308539.58,72,2.0,8884.79,2.0,2017-10-07,2017-11-05,3.6,5.0,-0.0272477606530813,0.0605023373194156,0.4598096066121827,0.5,0.0138888888888888,0.0132408029943252,135.66875,0.25346875,0.625,False,4786.803,5038.74,4659.832986111111,-0.0265250134356666,0.04999999999999998
1592,VietMode RS-30,Outdoor,Premium,S,orange,41,9,210383.77,-18190.126727272705,24096.79,234480.56,122890.59,26,0.0,0.0,0.0,,,,,-0.0864616444855641,0.1027666856476289,0.5841258097048074,0.6341463414634146,0.0,0.0,112.5,0.2158999999999999,0.5,False,5574.97309090909,5868.392727272727,5131.311463414634,-0.07958094510230362,0.05000000000000003
346,LotusWear UE-67,Streetwear,Performance,L,green,84,19,987113.94,-18114.68999999992,29230.69,1016344.63,291669.77,29,6.0,69310.32,1.0,2017-03-22,2017-03-22,4.0,3.0,-0.0183511642029894,0.0287606084955651,0.2954773083236977,0.3452380952380952,0.0714285714285714,0.0702151162002635,150.0,0.181575,0.6875,False,11967.0075,12596.85,11751.356428571427,-0.01802046764227161,0.05000000000000005
155,DragonWear UR-26,Streetwear,Standard,XL,purple,54,16,291488.43,-17965.99499999998,30970.66,322459.09,193687.47,38,0.0,0.0,0.0,,,,,-0.0616353623366799,0.0960452378625766,0.6644773859463308,0.7037037037037037,0.0,0.0,69.21428571428571,0.3254,0.0,False,5730.6375,6032.25,5397.933888888889,-0.058056998215488376,0.05000000000000003
1821,SaigonCore YY-16,GenZ,Trendy,M,black,210,47,739780.69,-16672.43749999997,45895.65,785676.34,309567.14,96,9.0,27789.63,4.0,2021-09-15,2022-07-24,3.5,6.0,-0.0225370001209412,0.0584154666029525,0.4184579892183994,0.4571428571428571,0.0428571428571428,0.037564686907413,67.03703703703704,0.3476259259259259,0.074074074074074,False,3602.15775,3791.745,3522.76519047619,-0.02204027836476896,0.05000000000000001
392,SaigonFlex RP-01,Outdoor,Activewear,S,orange,24,5,124156.94999999998,-15532.949999999992,17274.34,141431.29,106167.75,21,0.0,0.0,0.0,,,4.0,1.0,-0.1251073741743816,0.1221394501881443,0.8551091984782166,0.875,0.0,0.0,135.0,0.19645,0.5,False,5820.412499999999,6126.75,5173.206249999999,-0.11119594186838133,0.050000000000000086
442,SaigonFlex UM-47,Streetwear,Balanced,L,orange,71,17,608219.0700000001,-15025.36840909085,17979.02,626198.09,181209.31,25,2.0,16383.32,2.0,2012-10-31,2016-05-29,5.0,1.0,-0.0247038758733606,0.0287113938657973,0.2979342788446274,0.352112676056338,0.028169014084507,0.0269365444263363,86.0,0.2708333333333333,0.0,False,8778.090681818181,9240.095454545455,8566.465774647888,-0.024108307243695504,0.050000000000000135
1669,VietMode UR-02,Streetwear,Standard,M,yellow,6,1,15906.06,-13892.057999999994,300.0,16206.06,15906.06,6,0.0,0.0,0.0,,,,,-0.873381465931852,0.0185115938112039,1.0,1.0,0.0,0.0,90.0,0.25,0.0,False,4966.352999999999,5227.74,2651.0099999999998,-0.466205885888498,0.05000000000000012
141,DragonWear UR-12,Streetwear,Standard,M,black,95,18,724907.95,-13670.974999999964,39204.490000000005,764112.44,253389.83,38,5.0,34949.6,2.0,2013-08-25,2014-10-17,4.5,2.0,-0.0188589116728544,0.051307226460022,0.3495475942842122,0.4,0.0526315789473684,0.0482124661482882,75.0,0.303125,0.0,False,7774.514999999999,8183.7,7630.61,-0.018509836304901328,0.05000000000000005
1007,HanoiStreet YY-08,GenZ,Trendy,XL,silver,870,187,4480149.4,-13210.529438201396,208749.6,4688899.0,1354617.05,294,23.0,108397.34,9.0,2013-05-25,2022-11-11,3.7,30.0,-0.0029486805592245,0.0445199608692786,0.3023597940729387,0.3379310344827586,0.0264367816091954,0.0241950279604514,137.2190476190476,0.2628059523809524,0.4880952380952381,False,5164.781528089887,5436.61213483146,5149.597011494253,-0.002940011404751419,0.05000000000000006
1756,SaigonCore UR-02,Streetwear,Standard,S,green,20,6,94438.08,-13172.21999999999,14999.63,109437.71,77487.48,17,0.0,0.0,0.0,,,,,-0.139479964014516,0.1370608906198786,0.8205109633740965,0.85,0.0,0.0,81.42857142857143,0.2857142857142857,0.0,False,5380.514999999999,5663.7,4721.904,-0.12240668411852751,0.05000000000000007
570,SaigonFlex UC-35,Streetwear,Everyday,L,red,663,153,4206682.76,-12669.624551743847,206302.92,4412985.68,1493316.24,272,28.0,175800.31,10.0,2017-11-21,2022-11-22,4.0,27.0,-0.0030117851225234,0.046749057205189,0.3549866546152389,0.4102564102564102,0.0422322775263951,0.0417907220557796,411.8217391304348,0.1888565217391304,0.5652173913043478,False,6364.030745930232,6934.761627906977,6344.921206636501,-0.003002741510315876,0.08230000000000011
980,HanoiStreet UC-43,Streetwear,Everyday,S,red,470,109,2215554.55,-12421.77049999992,70656.64,2286211.19,545267.63,136,16.0,73610.99,4.0,2021-06-03,2022-03-16,3.8666666666666663,15.0,-0.0056066191193531,0.0309055612661925,0.2461088714787004,0.2893617021276595,0.0340425531914893,0.0332246344374594,165.82666666666668,0.2199533333333333,0.6333333333333333,False,4740.37515,4989.868578947368,4713.94585106383,-0.00557536019826832,0.05000000000000003
2167,PhoenixWear UE-20,Streetwear,Performance,XL,silver,18,5,106120.0,-12357.862999999988,10126.63,116246.63,71840.4,13,0.0,0.0,0.0,,,3.0,1.0,-0.1164517810026384,0.0871133210485327,0.6769732378439501,0.7222222222222222,0.0,0.0,90.0,0.25,0.0,False,6582.103499999999,6928.53,5895.555555555556,-0.10430524898984705,0.05000000000000007
369,LotusWear UE-90,Streetwear,Performance,M,yellow,123,26,1180192.08,-12315.080183181775,93640.06,1273832.14,624327.21,70,5.0,38662.41,1.0,2021-08-10,2021-08-10,3.8333333333333335,6.0,-0.0104348100549715,0.0735105176416729,0.5290047447191816,0.5691056910569106,0.040650406504065,0.0327594216697336,83.42105263157895,0.2883368421052631,0.3684210526315789,False,9695.180164090909,10489.213636363636,9595.05756097561,-0.010327049257540688,0.07570000000000002
1769,SaigonCore UE-04,Streetwear,Performance,M,yellow,9,3,92182.45,-12310.263499999995,14555.63,106738.08,79749.0,8,0.0,0.0,0.0,,,3.0,1.0,-0.1335423771010642,0.1363677330527212,0.8651212893560543,0.8888888888888888,0.0,0.0,90.0,0.25,0.0,False,11610.3015,12221.37,10242.494444444445,-0.11780977914790203,0.0500000000000001
1958,UrbanVN RP-33,Outdoor,Activewear,L,pink,1613,350,1375330.69,-12214.869028999952,120351.45,1495682.14,685857.95,881,57.0,47056.24,18.0,2017-11-17,2022-05-27,4.132075471698113,53.0,-0.008881405117921,0.0804659270719111,0.4986858469652851,0.546187228766274,0.0353378797272163,0.0342144913526215,599.6238095238095,0.1539071428571428,0.7142857142857143,False,860.226633,944.37,852.6538685678859,-0.00880322015339663,0.08910000000000001
1575,VietMode RS-13,Outdoor,Premium,XL,purple,25,6,67693.32,-12030.550047169809,13538.67,81231.99,67693.32,25,3.0,7119.7,1.0,2022-12-29,2022-12-29,,,-0.1777213770453245,0.1666667282187719,1.0,1.0,0.12,0.1051758135071525,90.0,0.25,0.0,False,3188.954801886792,3356.7945283018867,2707.7328,-0.1509027351538723,0.05000000000000003
2069,UrbanVN UC-04,Streetwear,Everyday,M,yellow,518,120,3088275.57,-11644.406999999965,133053.1,3221328.67,1062454.39,197,8.0,43583.96,3.0,2020-06-10,2021-03-30,3.3181818181818183,22.0,-0.0037705207116604,0.0413037953063013,0.3440283633756167,0.3803088803088803,0.0154440154440154,0.0141127172793067,208.3125,0.232285,0.55,False,5984.4015,6299.37,5961.92194980695,-0.0037563572887030494,0.049999999999999996
1765,SaigonCore UR-11,Streetwear,Standard,M,purple,120,26,243327.38,-11568.750322580669,8323.87,251651.25,70006.70999999999,42,3.0,6478.9,2.0,2012-08-17,2015-07-15,3.8,5.0,-0.047543972743966,0.0330770063729069,0.2877058471594935,0.35,0.025,0.0266262678700604,187.5,0.1568111111111111,0.8333333333333334,False,2124.134419354839,2235.9309677419355,2027.7281666666668,-0.045386135552312856,0.04999999999999995
1883,BambooCraft UC-02,Streetwear,Everyday,XL,blue,232,49,2004912.12,-11117.59556756756,100390.71,2105302.83,724643.31,92,9.0,66898.4,3.0,2021-11-19,2022-07-15,4.0,5.0,-0.005545178492695,0.0476846886678055,0.3614339515290077,0.396551724137931,0.0387931034482758,0.0333672480367867,123.66071428571428,0.2378964285714286,0.4642857142857143,False,8689.783256756757,9147.14027027027,8641.862586206897,-0.0055145990566104475,0.05000000000000007
1262,VietMode MP-30,Casual,Activewear,L,orange,524,112,2967730.78,-11042.908407643496,135893.04,3103623.82,959272.39,187,26.0,127414.75,10.0,2019-01-25,2021-09-26,3.8461538461538463,13.0,-0.0037209939938162,0.0437852806529884,0.32323430294442,0.3568702290076336,0.049618320610687,0.0429333923611494,154.4975,0.2757925,0.4,False,5684.682611464968,5983.876433121019,5663.608358778625,-0.0037071995266437785,0.04999999999999988
1811,SaigonCore YY-06,GenZ,Trendy,XL,black,573,125,1463744.19,-10557.019500000071,80397.93000000001,1544142.12,579698.7,247,29.0,69616.98,9.0,2015-04-14,2018-01-22,3.863636363636364,22.0,-0.0072123391314708,0.0520664056492416,0.3960382585703038,0.4310645724258289,0.0506108202443281,0.0475608924534826,210.19555555555556,0.2174333333333333,0.6222222222222222,False,2572.9515,2708.37,2554.5273821989526,-0.007160693779516447,0.04999999999999992
66,DragonWear RP-21,Outdoor,Activewear,L,green,54,12,248244.92,-10481.602599999982,21018.45,269263.37,132089.25,31,8.0,35155.74,2.0,2020-01-06,2022-11-26,3.0,3.0,-0.0422228281650234,0.078059076509367,0.5320924593341124,0.5740740740740741,0.1481481481481481,0.1416171577650007,76.36363636363636,0.3,0.0,False,4791.2319,5043.402,4597.128148148148,-0.04051228492026271,0.05000000000000005
1405,VietMode RP-97,Outdoor,Activewear,M,purple,177,36,778822.27,-10177.885999999951,43875.76,822698.03,286002.46,72,7.0,29614.41,2.0,2017-04-29,2017-05-07,4.25,4.0,-0.0130683037607539,0.0533315486363812,0.3672242962441225,0.4067796610169492,0.03954802259887,0.0380246060503637,139.56923076923078,0.2750307692307692,0.3846153846153846,False,4457.628,4692.24,4400.12581920904,-0.012899726220079288,0.05000000000000002
1876,BambooCraft UM-14,Streetwear,Balanced,S,green,32,8,527007.2,-10100.193454545388,30557.09,557564.29,193293.07,13,3.0,37830.44,1.0,2021-12-13,2021-12-13,3.0,2.0,-0.0191651906360015,0.054804603788381,0.3667750080074807,0.40625,0.09375,0.0717835354052088,115.0,0.2281833333333333,0.3333333333333333,False,16784.606045454544,17668.006363636363,16468.975,-0.018804793189651448,0.050000000000000044
1508,VietMode RP-00,Outdoor,Activewear,S,pink,470,96,676372.33,-9937.962079999936,39607.14,715979.47,242741.84,188,7.0,8399.68,4.0,2018-07-08,2020-11-19,4.461538461538462,13.0,-0.0146930346485343,0.0553188208036188,0.3588878924127485,0.4,0.0148936170212765,0.0124187220964524,181.5042553191489,0.1863765957446808,0.723404255319149,False,1460.2346639999998,1537.08912,1439.0900638297871,-0.014480275459487824,0.05000000000000016
29,DragonWear MA-29,Casual,All-weather,M,yellow,28,7,157603.03,-9809.389999999985,16771.61,174374.64,126622.32,23,8.0,44148.78999999999,2.0,2022-09-04,2022-09-26,,,-0.0622411256940934,0.0961814745538686,0.8034256701790569,0.8214285714285714,0.2857142857142857,0.2801265305622613,139.5,0.2042599999999999,0.6,False,5979.014999999999,6293.7,5628.679642857142,-0.05859415926249678,0.050000000000000065
1375,VietMode RP-67,Outdoor,Activewear,XL,purple,402,87,2208026.24,-9731.124797752454,99112.63,2307138.87,539153.31,114,19.0,99716.52,5.0,2022-03-01,2022-07-01,4.4,15.0,-0.0044071599428784,0.0429591089157108,0.2441788508817721,0.2835820895522388,0.0472636815920398,0.0451609306961859,76.88823529411764,0.3256764705882353,0.2941176470588235,False,5516.8093651685385,5807.167752808989,5492.602587064677,-0.0043878221090428715,0.0500000000000001
43,DragonWear MA-43,Casual,All-weather,XL,blue,95,18,433332.87,-8788.465568181768,28687.37,462020.24,220054.59,51,0.0,0.0,0.0,,,3.0,1.0,-0.0202810960732837,0.0620911542749728,0.5078188275909002,0.5368421052631579,0.0,0.0,71.0,0.3166666666666666,0.0,False,4653.908795454545,4898.851363636363,4561.398631578947,-0.019877949470336054,0.050000000000000044
1331,VietMode RP-23,Outdoor,Activewear,XL,black,157,31,757978.45,-8787.107486486504,40797.2,798775.65,251570.7,58,2.0,9214.32,2.0,2018-01-19,2018-02-17,4.0,6.0,-0.0115928196724939,0.0510746665850417,0.3318969028736899,0.3694267515923566,0.0127388535031847,0.0121564405953757,89.14761904761905,0.2856285714285714,0.5238095238095238,False,4883.857054054054,5140.902162162162,4827.888216560509,-0.01145996634915547,0.050000000000000024
1790,SaigonCore UE-25,Streetwear,Performance,L,red,185,42,859025.28,-8689.586549999956,40492.7,899517.98,272504.63,70,0.0,0.0,0.0,,,2.6666666666666665,3.0,-0.0101156354211135,0.045015998457307,0.3172253906194704,0.3783783783783784,0.0,0.0,77.0,0.3009511111111111,0.0,False,4690.35063,5087.7,4643.379891891892,-0.010014334068689457,0.07809999999999999
233,LotusWear UR-05,Streetwear,Standard,M,blue,33,9,139553.77,-8476.227499999994,13668.25,153222.02,97668.73,24,1.0,3325.15,1.0,2014-07-17,2014-07-17,5.0,2.0,-0.0607380760835052,0.0892055201987286,0.6998645038396312,0.7272727272727273,0.0303030303030303,0.0238270166402527,72.5,0.3166666666666666,0.0,False,4485.7575,4721.85,4228.902121212121,-0.05726020160204359,0.050000000000000135
1678,VietMode UE-08,Streetwear,Performance,L,pink,75,17,620356.0800000001,-7999.0949999999475,29305.44,649661.52,213792.15,29,1.0,7486.89,1.0,2020-04-25,2020-04-25,4.25,4.0,-0.0128943606065728,0.0451087821855294,0.3446281206754675,0.3866666666666666,0.0133333333333333,0.0120686977066461,80.35714285714286,0.2821428571428571,0.0,False,8378.069,8819.02,8271.414400000001,-0.012730212654013529,0.0500000000000001
1235,VietMode MP-03,Casual,Activewear,XL,purple,67,14,361174.19,-7661.01099999999,22497.7,383671.89,147924.54,30,0.0,0.0,0.0,,,3.5,2.0,-0.0212114021768831,0.0586378637225677,0.4095656447654801,0.4477611940298507,0.0,0.0,144.64285714285714,0.1918642857142857,0.6428571428571429,False,5505.003,5794.74,5390.659552238806,-0.020770823878060285,0.05000000000000002
654,SaigonFlex UC-19,Streetwear,Everyday,L,white,58,19,670022.6900000001,-7593.76161538461,33241.57,703264.26,215982.04,21,2.0,22867.49,2.0,2022-11-02,2022-11-12,4.0,2.0,-0.0113335887406807,0.0472675378100402,0.3223503371206727,0.3620689655172414,0.0344827586206896,0.0341294262736087,69.275,0.3383,0.25,False,11683.04226923077,12297.939230769232,11552.115344827587,-0.011206577994500644,0.05000000000000012
1829,SaigonCore YY-24,GenZ,Trendy,M,yellow,513,120,1906808.65,-7285.272718633905,98536.77,2005345.42,705069.9199999999,208,36.0,128063.36,13.0,2015-09-22,2021-06-22,3.526315789473684,19.0,-0.0038206627175904,0.0491370558993273,0.3697643809199208,0.4054580896686159,0.0701754385964912,0.0671610966312744,197.5731343283582,0.1858328358208955,0.746268656716418,False,3731.177237268292,3934.180975609756,3716.975925925926,-0.00380612081369891,0.05160000000000009
1561,VietMode RP-53,Outdoor,Activewear,M,black,30,8,134404.65000000002,-7242.344999999989,11094.27,145498.92,55471.37,14,2.0,9091.28,1.0,2022-12-06,2022-12-06,4.0,1.0,-0.0538846312236964,0.0762498443287414,0.4127191283932512,0.4666666666666667,0.0666666666666666,0.0676411121192607,67.5,0.325,0.0,False,4721.5665,4970.07,4480.155000000001,-0.051129535081206434,0.04999999999999996
706,HanoiStreet MA-13,Casual,All-weather,L,green,528,117,1699096.01,-7031.18199999952,81404.77,1780500.78,615665.1900000001,209,31.0,91072.05,8.0,2020-04-10,2022-05-19,4.0,17.0,-0.0041381899307735,0.0457201540793483,0.3623486762234231,0.3958333333333333,0.0587121212121212,0.0536002965482804,131.9875,0.2678325,0.45,False,3231.301499999999,3401.3699999999994,3217.9848674242426,-0.0041211358877395465,0.0500000000000001
1715,NamStyle YY-26,GenZ,Trendy,XL,purple,105,26,306637.15,-7016.382499999999,16941.64,323578.79,94703.58,37,7.0,19476.92,4.0,2021-03-23,2021-11-28,4.75,4.0,-0.0228817105168111,0.0523570781632504,0.3088457481423891,0.3523809523809524,0.0666666666666666,0.0635178092413133,77.45454545454545,0.3010045454545454,0.1363636363636363,False,2987.1765,3144.3963157894736,2920.3538095238096,-0.022369850082909593,0.049999999999999975
1424,VietMode RP-16,Outdoor,Activewear,S,white,60,13,244438.52,-6895.569999999996,18257.54,262696.06,115214.65,31,6.0,20287.82,2.0,2021-05-06,2022-05-01,3.0,2.0,-0.0282098337037877,0.0695006236484856,0.4713440827574966,0.5166666666666667,0.1,0.082997638833683,70.38461538461539,0.3230769230769231,0.0,False,4188.9015,4409.37,4073.9753333333333,-0.027435872308448128,0.04999999999999999
1289,VietMode MA-25,Casual,All-weather,M,yellow,130,24,693297.74,-6869.455000000095,39871.04,733168.78,255779.32,53,5.0,24225.41,3.0,2020-07-28,2021-11-04,4.6,5.0,-0.0099083764502104,0.0543818027821642,0.3689314204312854,0.4076923076923077,0.0384615384615384,0.0349422890084713,85.38888888888889,0.3366111111111111,0.2222222222222222,False,5385.901500000001,5669.370000000001,5333.059538461538,-0.009811163746396567,0.04999999999999998
1402,VietMode RP-94,Outdoor,Activewear,L,orange,176,39,791081.12,-6733.743999999928,37622.16,828703.28,226650.83,57,0.0,0.0,0.0,,,3.333333333333333,9.0,-0.0085120777500036,0.0453988308095027,0.2865076972131505,0.3238636363636363,0.0,0.0,76.90333333333334,0.3110533333333333,0.2333333333333333,False,4533.039,4771.62,4494.779090909091,-0.008440233823470034,0.05000000000000003
524,SaigonFlex UE-12,Streetwear,Performance,S,white,8,2,50859.19,-6572.870000000009,8692.07,59551.26,43460.34,7,0.0,0.0,0.0,,,,,-0.1292366237055684,0.1459594641658295,0.8545228502459438,0.875,0.0,0.0,90.0,0.25,0.0,False,7179.007500000001,7556.850000000001,6357.39875,-0.11444600803105442,0.05000000000000008
1706,NamStyle YY-17,GenZ,Trendy,L,green,120,27,315837.58,-6562.399999999985,19653.37,335490.95,126070.04,53,10.0,25131.09,2.0,2020-10-12,2021-04-18,,,-0.0207777681173975,0.058580924463089,0.3991609864791897,0.4416666666666666,0.0833333333333333,0.0795696636226759,70.67307692307692,0.321976923076923,0.0,False,2686.6665,2828.07,2631.9798333333333,-0.02035483997238452,0.05000000000000012
1067,MekongFit RP-13,Outdoor,Activewear,XL,silver,645,150,2975851.36,-6382.94466500021,147905.74,3123757.1,1066545.63,254,13.0,50238.26,5.0,2018-12-05,2019-12-27,3.7,20.0,-0.0021449138054396,0.0473486686913012,0.3584001688847793,0.3937984496124031,0.0201550387596899,0.016881978944002,416.73333333333335,0.1684733333333333,0.6666666666666666,False,4623.619077,4881.87,4613.72303875969,-0.00214032299709499,0.05289999999999992
1596,VietMode RS-34,Outdoor,Premium,S,green,203,44,898639.84,-6258.643999999954,44531.93,943171.77,240858.97,63,3.0,13245.41,2.0,2016-04-03,2016-11-06,4.0,7.0,-0.0069645743727542,0.047215079391106,0.2680261427091859,0.3103448275862069,0.0147783251231527,0.0147393977102105,99.62105263157896,0.3062105263157894,0.4210526315789473,False,4457.628,4692.24,4426.79724137931,-0.006916404558812261,0.05000000000000002
1369,VietMode RP-61,Outdoor,Activewear,M,yellow,136,32,766858.92,-6254.897538461468,40536.14,807395.06,268497.35,53,4.0,20858.22,1.0,2020-11-05,2020-11-05,3.75,4.0,-0.0081565166360214,0.0502060787936948,0.3501261353261692,0.3897058823529412,0.0294117647058823,0.0271995532111695,129.3,0.22465,0.55,False,5684.660423076923,5983.8530769230765,5638.668529411765,-0.008090526125087982,0.05000000000000002
1397,VietMode RP-89,Outdoor,Activewear,M,silver,63,13,243932.76,-6130.116,16256.99,260189.75,105483.54,30,3.0,10119.51,2.0,2020-09-01,2021-01-09,4.0,1.0,-0.0251303514952235,0.0624812852927526,0.4324287561867458,0.4761904761904761,0.0476190476190476,0.0414848337714048,83.07692307692308,0.273076923076923,0.0,False,3969.252,4178.16,3871.9485714285715,-0.024514298555855962,0.049999999999999975
1487,VietMode RP-79,Outdoor,Activewear,XL,silver,7,1,35492.869999999995,-5866.196269230779,7098.57,42591.44,35492.869999999995,7,0.0,0.0,0.0,,,,,-0.1652781606342563,0.1666665884036792,1.0,1.0,0.0,0.0,90.0,0.25,0.0,False,5908.438038461539,6219.408461538462,5070.409999999999,-0.1418358004275101,0.04999999999999998
1013,HanoiStreet YY-14,GenZ,Trendy,M,blue,726,165,862816.9,-5770.588999999951,43926.4,906743.3,285986.66000000003,268,27.0,32266.29,11.0,2022-07-31,2022-12-31,3.652173913043478,23.0,-0.0066880806344891,0.0484441406956081,0.331456952222424,0.3691460055096419,0.0371900826446281,0.0373964510894489,212.33333333333331,0.1739333333333333,0.8333333333333334,False,1196.4015,1259.37,1188.4530303030303,-0.006643647385070617,0.04999999999999996
1440,VietMode RP-32,Outdoor,Activewear,S,red,277,58,1158800.6,-5657.447666666835,52100.69,1210901.29,306892.87,84,17.0,68185.44,5.0,2012-10-22,2014-09-01,3.7777777777777777,9.0,-0.004882158040535,0.0430263725295065,0.2648366509302808,0.3032490974729241,0.0613718411552346,0.0588413916941361,174.88666666666668,0.2089633333333333,0.6333333333333333,False,4203.819666666667,4425.073333333334,4183.395667870036,-0.0048584383765505335,0.04999999999999996
813,HanoiStreet RS-17,Outdoor,Premium,M,blue,111,23,360004.57,-5313.246499999992,23621.23,383625.8,163700.05000000002,55,1.0,3262.97,1.0,2015-11-21,2015-11-21,3.0,1.0,-0.0147588307003991,0.0615736220035253,0.4547165887366374,0.4954954954954955,0.009009009009009,0.00906369049704,159.6,0.170984,0.8,False,3291.1515,3464.37,3243.2844144144146,-0.014544175673950388,0.04999999999999999
2377,VietMotion UC-25,Streetwear,Everyday,M,silver,8,3,73047.09999999999,-4905.859279999997,7688.58,80735.68,52253.34,6,0.0,0.0,0.0,,,,,-0.0671602196391095,0.0952315011157396,0.7153376383182906,0.75,0.0,0.0,90.0,0.25,0.0,False,9744.11991,10451.7,9130.887499999999,-0.06293358616930245,0.06770000000000012
1602,VietMode RS-40,Outdoor,Premium,L,orange,8,1,29725.52,-4743.291999999998,5945.1,35670.62,29725.52,8,0.0,0.0,0.0,,,,,-0.1595696896135037,0.1666665732190805,1.0,1.0,0.0,0.0,90.0,0.25,0.0,False,4308.6015,4535.37,3715.69,-0.1376111250947668,0.05000000000000003
1280,VietMode MA-16,Casual,All-weather,S,red,6,3,25921.12,-4705.05328571429,5184.22,31105.34,25921.12,6,0.0,0.0,0.0,,,,,-0.1815142742950262,0.1666665595039308,1.0,1.0,0.0,0.0,67.5,0.325,0.0,False,5104.362214285715,5373.012857142858,4320.1866666666665,-0.15362850728429012,0.05
2044,UrbanVN UE-04,Streetwear,Performance,S,white,90,23,396567.65,-4565.004999999958,14408.45,410976.1,139233.13,35,5.0,20664.77,2.0,2018-10-08,2021-02-26,4.6,5.0,-0.0115112894357367,0.0350590946772817,0.3510955318720526,0.3888888888888889,0.0555555555555555,0.0521090663850165,70.78125,0.3232125,0.0,False,4457.0295,4691.61,4406.307222222223,-0.011380287650727183,0.05000000000000001
962,HanoiStreet UC-25,Streetwear,Everyday,L,orange,73,16,403710.12,-4553.771318181769,20338.3,424048.42,111392.54,23,0.0,0.0,0.0,,,4.333333333333333,3.0,-0.0112798047227098,0.0479622114851884,0.2759220898401061,0.3150684931506849,0.0,0.0,126.92307692307692,0.2133846153846154,0.4615384615384615,False,5592.656045454545,5887.006363636364,5530.275616438356,-0.011153989894817307,0.050000000000000086
1387,VietMode RP-79,Outdoor,Activewear,XL,silver,7,2,25614.5,-4122.570999999996,4378.6900000000005,29993.19,25614.5,7,0.0,0.0,0.0,,,5.0,1.0,-0.1609467684319427,0.1459894729436915,1.0,1.0,0.0,0.0,90.0,0.25,0.0,False,4248.152999999999,4471.74,3659.214285714286,-0.1386340638592145,0.0500000000000001
1651,VietMode RS-89,Outdoor,Premium,XL,black,19,4,104243.52,-4094.181937499994,7734.75,111978.27,38673.78,8,0.0,0.0,0.0,,,,,-0.039275169694001,0.0690736693824614,0.3709945711733448,0.4210526315789473,0.0,0.0,60.0,0.35,0.0,False,5701.9843125,6002.08875,5486.501052631579,-0.0377909247130046,0.050000000000000024
1759,SaigonCore UR-05,Streetwear,Standard,XL,yellow,5,2,21206.91,-3958.555243902437,4241.38,25448.29,21206.91,5,0.0,0.0,0.0,,,,,-0.1866634622348299,0.1666666011743814,1.0,1.0,0.0,0.0,90.0,0.25,0.0,False,5033.093048780487,5297.992682926829,4241.382,-0.15730109519280955,0.050000000000000044
1674,VietMode UE-04,Streetwear,Performance,L,white,6,2,67903.3,-3913.1089999999967,6630.46,74533.76000000001,55253.8,5,0.0,0.0,0.0,,,,,-0.0576276705255856,0.0889591508599592,0.813713030147283,0.8333333333333334,0.0,0.0,90.0,0.25,0.0,False,11969.4015,12599.37,11317.216666666667,-0.054487672865960124,0.050000000000000065
1817,SaigonCore YY-12,GenZ,Trendy,M,silver,422,90,1092785.83,-3890.206669724848,48272.41,1141058.24,347776.46,149,14.0,35167.78,5.0,2012-11-20,2017-05-28,3.55,20.0,-0.0035598985299112,0.0423049484310283,0.3182475929432576,0.3530805687203791,0.0331753554502369,0.032181767949901,71.59285714285714,0.3469714285714286,0.2142857142857142,False,2598.758380733945,2735.535137614679,2589.5398815165877,-0.0035472706064939574,0.05
1713,NamStyle YY-24,GenZ,Trendy,M,blue,128,27,160742.88,-3887.711999999981,11571.83,172314.71,72080.59,63,15.0,18728.11,3.0,2019-11-24,2020-08-30,3.5,2.0,-0.02418590484381,0.0671552068886051,0.4484216657061264,0.4921875,0.1171875,0.1165097328105605,64.28571428571429,0.3428571428571428,0.0,False,1286.1764999999998,1353.87,1255.80375,-0.023614760493602338,0.050000000000000065
1714,NamStyle YY-25,GenZ,Trendy,L,white,401,93,499940.31,-3518.406717391248,24522.43,524462.74,156203.29,140,4.0,4844.28,1.0,2022-06-06,2022-06-06,3.882352941176471,17.0,-0.007037653589868,0.0467572396086707,0.3124438795503407,0.3491271820448878,0.0099750623441396,0.0096897167583866,135.03823529411764,0.2605941176470588,0.3823529411764705,False,1255.5080217391303,1321.5873913043476,1246.7339401496258,-0.0069884711507861574,0.049999999999999975
19,DragonWear MA-19,Casual,All-weather,XL,yellow,20,5,79944.57,-3488.903209180333,7134.78,87079.35,35673.880000000005,10,0.0,0.0,0.0,,,4.0,1.0,-0.0436415282386325,0.0819342358435151,0.4462326834705596,0.5,0.0,0.0,150.0,0.1999999999999999,0.3333333333333333,False,4171.673660459017,4445.517540983607,3997.2285,-0.04181658841449798,0.06160000000000007
1577,VietMode RS-15,Outdoor,Premium,M,silver,69,16,388754.46,-3479.6969999999947,17216.58,405971.04,104293.44,21,1.0,5376.22,1.0,2021-05-14,2021-05-14,4.25,4.0,-0.0089508863769691,0.0424083944509933,0.268275867497443,0.3043478260869565,0.0144927536231884,0.0138293461636427,69.0,0.3473166666666666,0.0,False,5684.553,5983.74,5634.122608695652,-0.008871478778427755,0.04999999999999998
1559,VietMode RP-51,Outdoor,Activewear,XL,yellow,102,22,438206.83,-3300.9009999999653,23871.53,462078.36,157604.28,41,0.0,0.0,0.0,,,4.75,4.0,-0.0075327465799653,0.0516612160759919,0.3596572878610769,0.4019607843137255,0.0,0.0,78.57142857142857,0.2904761904761904,0.0,False,4328.507166666666,4556.323333333333,4296.145392156863,-0.007476428538461866,0.04999999999999997
1812,SaigonCore YY-07,GenZ,Trendy,S,orange,230,51,237847.5,-3238.844999999973,12149.32,249996.82,71850.9,79,7.0,5868.68,1.0,2015-12-09,2015-12-09,3.928571428571429,14.0,-0.0136173178191907,0.0485978981652646,0.302088102670829,0.3434782608695652,0.0304347826086956,0.0246741294316736,81.992,0.330232,0.44,False,1048.2015,1103.37,1034.1195652173913,-0.013434377629309435,0.05
1388,VietMode RP-80,Outdoor,Activewear,S,pink,6,2,22260.870000000003,-3228.047999999997,3305.06,25565.93,22260.870000000003,6,0.0,0.0,0.0,,,,,-0.1450099659177739,0.1292759543658298,1.0,1.0,0.0,0.0,90.0,0.25,0.0,False,4248.152999999999,4471.74,3710.1450000000004,-0.1266451561419749,0.0500000000000001
99,DragonWear UM-26,Streetwear,Balanced,XL,yellow,6,1,50668.08,-3161.0099999999948,6080.17,56748.25,50668.08,6,0.0,0.0,0.0,,,,,-0.0623866150049497,0.1071428634363174,1.0,1.0,0.0,0.0,90.0,0.25,0.0,False,8971.515,9443.7,8444.68,-0.05872308077286825,0.050000000000000135
1625,VietMode RS-63,Outdoor,Premium,M,purple,7,1,26258.54,-3146.9131120000056,5251.71,31510.25,26258.54,7,0.0,0.0,0.0,,,,,-0.1198434152089189,0.1666667195595084,1.0,1.0,0.0,0.0,90.0,0.25,0.0,False,4200.779016,4755.24,3751.2200000000003,-0.107018011251654,0.11659999999999987
2289,VietMotion UM-04,Streetwear,Balanced,M,yellow,4,1,35818.24,-3139.475719999995,6447.28,42265.52,35818.24,4,0.0,0.0,0.0,,,,,-0.0876501949844547,0.1525423087187854,1.0,1.0,0.0,0.0,67.5,0.325,0.0,False,9739.428929999998,11018.7,8954.56,-0.08058675058271603,0.11610000000000022
1470,VietMode RP-62,Outdoor,Activewear,L,red,3,1,13890.93,-3106.4347941176457,2778.19,16669.12,13890.93,3,0.0,0.0,0.0,,,,,-0.2236304404469424,0.166666866637231,1.0,1.0,0.0,0.0,90.0,0.25,0.0,False,5665.788264705882,5963.987647058823,4630.31,-0.1827597884580734,0.049999999999999975
197,DragonWear YY-01,GenZ,Trendy,M,silver,14,3,77391.08,-2963.529999999999,6904.58,84295.66,34522.880000000005,7,3.0,17394.27,1.0,2022-11-16,2022-11-16,,,-0.0382929143772124,0.0819090804912139,0.4460834504441597,0.5,0.2142857142857142,0.2247580728941888,180.0,0.175,0.5,False,5739.615,6041.7,5527.934285714286,-0.03688064692243542,0.05000000000000001
1294,VietMode MA-30,Casual,All-weather,L,white,3,1,22582.17,-2910.3389999999963,4064.79,26646.960000000003,22582.17,3,1.0,6484.27,1.0,2018-08-09,2018-08-09,,,-0.1288777384990014,0.1525423537994577,1.0,1.0,0.3333333333333333,0.287141138340558,90.0,0.25,0.0,False,8497.502999999999,8944.74,7527.389999999999,-0.11416447867096957,0.050000000000000114
73,DragonWear RS-06,Outdoor,Premium,M,blue,16,5,56173.37,-2840.0358181818096,4293.7,60467.07,21468.52,7,0.0,0.0,0.0,,,4.0,1.0,-0.0505584019292737,0.0710088979009566,0.3821832302388125,0.4375,0.0,0.0,78.75,0.2875,0.0,False,3688.337863636363,3882.460909090909,3510.835625,-0.048125265417350405,0.05000000000000007
822,HanoiStreet UM-06,Streetwear,Balanced,L,orange,394,100,1746949.02,-2802.058228915661,91153.99,1838103.01,660383.83,163,18.0,75628.23,8.0,2022-09-01,2022-12-07,4.0,7.0,-0.0016039725240039,0.0495913392797284,0.3780212372768611,0.4137055837563452,0.0456852791878172,0.043291606757935,65.86666666666666,0.3571666666666667,0.3333333333333333,False,4440.992584337349,4674.7290361445785,4433.88076142132,-0.0016014039161226234,0.05000000000000003
111,DragonWear UM-38,Streetwear,Balanced,XL,black,6,1,51498.06,-2726.040000000008,5149.81,56647.87,51498.06,6,0.0,0.0,0.0,,,,,-0.0529348095831184,0.0909091551015069,1.0,1.0,0.0,0.0,90.0,0.25,0.0,False,9037.35,9513.0,8583.01,-0.05027358683684935,0.04999999999999996
1558,VietMode RP-50,Outdoor,Activewear,L,pink,7,1,34050.94,-2389.3309999999983,4086.11,38137.05,34050.94,7,0.0,0.0,0.0,,,,,-0.0701693110381093,0.1071427915898057,1.0,1.0,0.0,0.0,90.0,0.25,0.0,False,5205.753,5479.74,4864.42,-0.06556842016899378,0.05000000000000002
1732,SaigonCore RP-01,Outdoor,Activewear,S,orange,10,2,48493.51,-2373.004999999999,4849.35,53342.86,48493.51,10,5.0,22729.71,1.0,2022-10-20,2022-10-20,,,-0.0489344862848657,0.0909090738666805,1.0,1.0,0.5,0.4687165354704165,90.0,0.25,0.0,False,5086.6515,5354.37,4849.351000000001,-0.04665161354183578,0.04999999999999999
393,SaigonFlex RP-02,Outdoor,Activewear,M,blue,20,5,109429.65,-2310.0165000000025,11841.49,121271.14,71966.91,14,0.0,0.0,0.0,,,2.0,2.0,-0.0211096032930746,0.0976447487835935,0.6576545753367575,0.7,0.0,0.0,135.0,0.19645,0.5,False,5586.983325,6126.75,5471.4825,-0.020673200237267597,0.08809999999999997
312,LotusWear UE-33,Streetwear,Performance,S,orange,15,2,130524.06,-2298.0525000000125,6894.0,137418.06,57449.98,7,0.0,0.0,0.0,,,4.0,1.0,-0.0176063516565452,0.0501680783442875,0.4401485825678423,0.4666666666666667,0.0,0.0,90.0,0.25,0.0,False,8854.8075,9320.85,8701.604,-0.017301731291165967,0.049999999999999954
1703,NamStyle YY-14,GenZ,Trendy,XL,blue,848,202,998865.17,-2134.885050847398,45514.94,1044380.11,315578.63,298,27.0,30581.98,10.0,2019-03-23,2022-07-24,4.172413793103448,29.0,-0.0021373105349617,0.0435808184818839,0.3159371649729262,0.3514150943396226,0.0318396226415094,0.0306167247777795,150.7304347826087,0.2472869565217391,0.5652173913043478,False,1180.424593220339,1242.5522033898303,1177.9070400943397,-0.0021327521812563033,0.0499999999999999
1826,SaigonCore YY-21,GenZ,Trendy,L,green,1246,270,3138032.84,-1918.3372262208204,136771.29,3274804.13,882870.22,393,41.0,96263.03,15.0,2018-04-02,2022-09-27,4.05,40.0,-0.0006113184036088,0.0417647238034966,0.281345118109089,0.3154093097913322,0.0329052969502407,0.0306762340957528,327.7603448275862,0.155201724137931,0.8275862068965517,False,2520.0250218508995,2652.657917737789,2518.4854253611556,-0.0006109449217345242,0.04999999999999998
1469,VietMode RP-61,Outdoor,Activewear,M,yellow,4,1,18519.8,-1461.9442127058865,3703.96,22223.76,18519.8,4,0.0,0.0,0.0,,,,,-0.0789395248709968,0.1666666666666666,1.0,1.0,0.0,0.0,90.0,0.25,0.0,False,4995.436053176471,5963.987647058823,4629.95,-0.07316399395085205,0.16239999999999982
27,DragonWear MA-27,Casual,All-weather,XL,silver,56,16,263763.09,-1401.0349319999823,16905.81,280668.9,137458.29,31,3.0,13395.66,1.0,2021-09-11,2021-09-11,3.0,2.0,-0.005311717162549,0.0602339981380195,0.5211430075375595,0.5535714285714286,0.0535714285714285,0.0507867116661394,178.5,0.1665666666666666,0.8,False,4735.0736595,5077.2825,4710.055178571429,-0.00528365189808111,0.06740000000000007
1968,UrbanVN RP-43,Outdoor,Activewear,S,pink,8,1,20437.44,-1343.1720000000023,2452.49,22889.93,20437.44,8,0.0,0.0,0.0,,,,,-0.0657211470712575,0.107142747924524,1.0,1.0,0.0,0.0,90.0,0.25,0.0,False,2722.5765,2865.87,2554.68,-0.06166823962522272,0.04999999999999992
1458,VietMode RP-50,Outdoor,Activewear,L,pink,72,21,328045.59,-1229.825952000011,22493.02,350538.61,138901.9,34,4.0,15445.24,1.0,2015-05-03,2015-05-03,4.333333333333333,3.0,-0.0037489482849015,0.064167025709379,0.4234225492865183,0.4722222222222222,0.0555555555555555,0.047082602146854,75.0,0.3058823529411765,0.0,False,4573.269666,4912.74,4556.18875,-0.003734946164882458,0.06909999999999993
1107,MekongFit RP-53,Outdoor,Activewear,XL,silver,18,3,31778.68,-1068.197,2670.67,34449.35,22255.63,13,0.0,0.0,0.0,,,,,-0.0336136365638849,0.0775245396502401,0.7003321094519973,0.7222222222222222,0.0,0.0,78.75,0.2875,0.0,False,1824.8265,1920.87,1765.4822222222222,-0.0325205041563007,0.05
60,DragonWear RP-15,Outdoor,Activewear,S,red,4,2,15504.81,-1014.569184,2453.92,17958.73,15504.81,4,0.0,0.0,0.0,,,,,-0.0654357701900248,0.1366421790405,1.0,1.0,0.0,0.0,90.0,0.25,0.0,False,4129.844796,4703.16,3876.2025,-0.06141690754230478,0.12189999999999991
811,HanoiStreet RS-15,Outdoor,Premium,XL,black,20,5,58858.06,-979.9700000000092,3783.67,62641.73,20473.5,8,0.0,0.0,0.0,,,,,-0.0166497162835473,0.060401748163724,0.3478453078473874,0.4,0.0,0.0,90.0,0.25,0.0,False,2991.9015000000004,3149.3700000000003,2942.903,-0.016377043161347582,0.049999999999999975
1857,SaigonCore YY-52,GenZ,Trendy,M,silver,6,2,5789.16,-897.1282155348836,1157.83,6946.99,5789.16,6,0.0,0.0,0.0,,,,,-0.1549669063447691,0.1666664267546088,1.0,1.0,0.0,0.0,90.0,0.25,0.0,False,1114.381369255814,1203.6955813953489,964.86,-0.13417432611572155,0.07420000000000002
1488,VietMode RP-80,Outdoor,Activewear,S,pink,1,1,4849.1,-887.0604240769226,969.82,5818.92,4849.1,1,0.0,0.0,0.0,,,,,-0.1829330028411298,0.1666666666666666,1.0,1.0,0.0,0.0,90.0,0.25,0.0,False,5736.160424076923,6219.408461538462,4849.1,-0.15464358708546244,0.07770000000000006
5,DragonWear MA-05,Casual,All-weather,M,purple,1,1,7673.59,-825.1099999999988,920.83,8594.42,7673.59,1,0.0,0.0,0.0,,,,,-0.1075259428768019,0.1071427740324536,1.0,1.0,0.0,0.0,90.0,0.25,0.0,False,8498.699999999999,8946.0,7673.59,-0.09708661324673173,0.05000000000000012
1309,VietMode RP-01,Outdoor,Activewear,M,yellow,8,2,23565.16,-724.3640000000014,2046.75,25611.91,13645.0,5,3.0,8844.61,1.0,2013-01-28,2013-01-28,,,-0.0307387685888829,0.0799139931383485,0.5790327755041765,0.625,0.375,0.3753256926751187,90.0,0.25,0.0,False,3036.1905,3195.99,2945.645,-0.0298220747347705,0.049999999999999885
1716,NamStyle YY-27,GenZ,Trendy,S,green,2,1,7481.6,-656.8029999999999,897.79,8379.39,7481.6,2,0.0,0.0,0.0,,,,,-0.0877891092814371,0.1071426440349476,1.0,1.0,0.0,0.0,90.0,0.25,0.0,False,4069.2015,4283.37,3740.8,-0.080704162720868,0.04999999999999995
1692,NamStyle YY-03,GenZ,Trendy,S,orange,182,47,207767.36,-593.2329999999795,11203.88,218971.24,79067.85,76,11.0,11362.64,3.0,2020-04-18,2022-07-29,4.066666666666666,15.0,-0.0028552752463138,0.0511659887389777,0.3805595354342472,0.4175824175824176,0.0604395604395604,0.054689244739886,68.35714285714286,0.33612,0.0,False,1144.838423076923,1205.0930769230768,1141.578901098901,-0.002847145861213707,0.04999999999999998
1121,MekongFit RS-09,Outdoor,Premium,M,black,6,1,5244.54,-497.4690000000001,629.34,5873.88,5244.54,6,0.0,0.0,0.0,,,,,-0.0948546488347882,0.1071421275204805,1.0,1.0,0.0,0.0,90.0,0.25,0.0,False,957.0015,1007.37,874.09,-0.08663675030812379,0.05000000000000004
1615,VietMode RS-53,Outdoor,Premium,XL,purple,1,1,2519.94,-489.56444117647015,503.99,3023.9300000000003,2519.94,1,0.0,0.0,0.0,,,,,-0.1942762292659627,0.1666672178258094,1.0,1.0,0.0,0.0,90.0,0.25,0.0,False,3009.50444117647,3167.8994117647057,2519.94,-0.1626727757826768,0.05000000000000008
1551,VietMode RP-43,Outdoor,Activewear,XL,black,109,26,521347.77,-413.75699999999233,23081.88,544429.65,137816.13,33,3.0,14883.32,1.0,2017-06-19,2017-06-19,3.4444444444444446,9.0,-0.0007936295574832,0.0423964418543332,0.264345870319921,0.3027522935779816,0.0275229357798165,0.0285477772351457,69.19444444444444,0.3525777777777777,0.1666666666666666,False,4786.803,5038.74,4783.007064220184,-0.0007930002090782429,0.04999999999999998
1342,VietMode RP-34,Outdoor,Activewear,L,orange,199,43,750269.71,-411.509521739124,34527.61,784797.3200000001,248872.06,73,14.0,49367.33,3.0,2021-05-13,2022-05-05,4.0,6.0,-0.000548482120835,0.0439955758258705,0.3317101259492403,0.3668341708542713,0.0703517587939698,0.0657994443091671,74.35714285714286,0.3235314285714286,0.0857142857142857,False,3772.2674347826087,3970.807826086957,3770.199547738693,-0.0005481814531091977,0.050000000000000114
1849,SaigonCore YY-44,GenZ,Trendy,M,yellow,110,22,289223.69,-384.4750000000026,12461.08,301684.77,72794.48,32,11.0,24754.3,3.0,2015-04-12,2015-12-24,3.6666666666666665,3.0,-0.0013293343985757,0.0413049687592781,0.2516892029141873,0.2909090909090909,0.1,0.0855887704081225,65.625,0.33857,0.0,False,2632.8015,2771.37,2629.3062727272727,-0.0013275696146205496,0.049999999999999954
1486,VietMode RP-78,Outdoor,Activewear,L,green,34,7,136351.61,-285.142000000008,4023.6,140375.21,20118.0,6,0.0,0.0,0.0,,,3.6666666666666665,3.0,-0.0020912257655044,0.0286631806285454,0.1475450124864679,0.1764705882352941,0.0,0.0,75.0,0.3,0.0,False,4018.728,4230.24,4010.341470588235,-0.0020868616666180895,0.04999999999999993
1102,MekongFit RP-48,Outdoor,Activewear,L,orange,9,3,22622.14,-265.0985000000005,2045.59,24667.73,17046.62,7,0.0,0.0,0.0,,,,,-0.0117185421007915,0.0829257495521477,0.7535370216964442,0.7777777777777778,0.0,0.0,67.5,0.325,0.0,False,2543.0265,2676.87,2513.571111111111,-0.011582808472066275,0.04999999999999998
1447,VietMode RP-39,Outdoor,Activewear,XL,silver,1,1,1391.98,-222.7729999999999,278.4,1670.38,1391.98,1,0.0,0.0,0.0,,,,,-0.1600403741433066,0.1666686622205725,1.0,1.0,0.0,0.0,90.0,0.25,0.0,False,1614.753,1699.74,1391.98,-0.13796103800395476,0.050000000000000044
347,LotusWear UE-68,Streetwear,Performance,XL,silver,95,26,3695546.21,-191.29000000000812,190240.31,3885786.52,1391422.85,39,4.0,153907.86,3.0,2018-06-16,2020-04-24,4.5,2.0,-5.176230768874844e-05,0.0489579931941294,0.3765134491445042,0.4105263157894737,0.0421052631578947,0.0416468503582857,216.53846153846155,0.1668846153846153,0.7692307692307693,False,38902.5,40950.0,38900.48642105263,-5.175962849102156e-05,0.05
843,HanoiStreet UM-27,Streetwear,Balanced,XL,blue,10,2,59681.9,-162.1150000000016,2758.11,62440.01,15322.829999999998,3,0.0,0.0,0.0,,,,,-0.0027163176775538,0.0441721582043308,0.2567416586938418,0.3,0.0,0.0,90.0,0.25,0.0,False,5984.4015,6299.37,5968.1900000000005,-0.002708959283564072,0.049999999999999996
1149,MekongFit UR-06,Streetwear,Standard,M,yellow,6,1,2355.42,-154.68899999999985,282.65,2638.07,2355.42,6,0.0,0.0,0.0,,,5.0,1.0,-0.0656736378225538,0.1071427217625006,1.0,1.0,0.0,0.0,90.0,0.25,0.0,False,418.3515,440.37,392.57,-0.06162640745879955,0.05000000000000004
1374,VietMode RP-66,Outdoor,Activewear,L,white,1,1,3420.24,-141.4371540000002,342.02,3762.26,3420.24,1,0.0,0.0,0.0,,,,,-0.0413529910181742,0.0909081243720529,1.0,1.0,0.0,0.0,90.0,0.25,0.0,False,3561.677154,3841.74,3420.24,-0.03971082944481841,0.07289999999999995
1063,MekongFit RP-09,Outdoor,Activewear,XL,blue,6,2,11131.34,-42.05649999999969,621.79,11753.13,3108.94,2,3.0,5134.34,1.0,2020-09-16,2020-09-16,,,-0.0037782063974328,0.0529042050926008,0.2792961134957696,0.3333333333333333,0.5,0.4612508467084825,90.0,0.25,0.0,False,1862.23275,1960.245,1855.2233333333334,-0.003763985284152338,0.05
